"Handle","Command","Title","Body HTML","Published","Published At","SEO Title","SEO Description"
"ap-cybersecurity-unit-1-practice","MERGE","AP Cybersecurity Unit 1 Practice Questions, Labs and Exam","
<style>
#apcs-cyber-u1-practice{all:initial;display:block;font-family:-apple-system,BlinkMacSystemFont,""Segoe UI"",Roboto,Helvetica,Arial,sans-serif;color:#1a1a2e;line-height:1.6}
#apcs-cyber-u1-practice *{box-sizing:border-box}
#apcs-cyber-u1-practice h1{font-size:1.9rem;line-height:1.25;margin:0 0 .5rem;font-weight:800}
#apcs-cyber-u1-practice h2{font-size:1.25rem;margin:2rem 0 .25rem;font-weight:700}
#apcs-cyber-u1-practice p{margin:.5rem 0 1rem}
#apcs-cyber-u1-practice .lede{font-size:1.05rem;color:#3c3c57}
#apcs-cyber-u1-practice .crumb{font-size:.85rem;color:#5a5a78;margin:0 0 1rem}
#apcs-cyber-u1-practice .crumb a{color:#2b4a8b;text-decoration:none}
#apcs-cyber-u1-practice .grp{border:1px solid #e2e2ee;border-radius:10px;padding:1rem 1.1rem;margin:0 0 1rem;background:#fbfbfe}
#apcs-cyber-u1-practice .grp h3{margin:0 0 .2rem;font-size:1.05rem;font-weight:700}
#apcs-cyber-u1-practice .grp .why{margin:0 0 .7rem;font-size:.92rem;color:#4a4a66}
#apcs-cyber-u1-practice .chips{display:flex;flex-wrap:wrap;gap:.4rem;margin:0;padding:0;list-style:none}
#apcs-cyber-u1-practice .chips li{margin:0}
#apcs-cyber-u1-practice .chips a{display:inline-block;padding:.32rem .7rem;border:1px solid #ccd;border-radius:999px;background:#fff;color:#2b4a8b;text-decoration:none;font-size:.88rem}
#apcs-cyber-u1-practice .chips a:hover{background:#eef2fb}
#apcs-cyber-u1-practice .onward{display:flex;flex-wrap:wrap;gap:.5rem;margin:1.2rem 0 0;padding:0;list-style:none}
#apcs-cyber-u1-practice .onward li{margin:0}
#apcs-cyber-u1-practice .onward a{display:inline-block;padding:.5rem .9rem;border-radius:8px;background:#2b4a8b;color:#fff;text-decoration:none;font-size:.92rem}
#apcs-cyber-u1-practice .onward a.alt{background:#fff;color:#2b4a8b;border:1px solid #2b4a8b}
</style>
<div id=""apcs-cyber-u1-practice"">
<p class=""crumb""><a href=""/pages/ap-cybersecurity-topics"">AP Cybersecurity</a> &rsaquo; <a href=""/pages/ap-cybersecurity-practice"">Practice</a> &rsaquo; Unit 1</p>
<h1>AP Cybersecurity Unit 1 Practice: Introduction to Cybersecurity</h1>
<p class=""lede"">Every piece of practice for Unit 1, in one place: 26 quizzes, exercises, labs and exams, in the order you should meet them. Unit 1 covers CED topics 1.1, 1.2, 1.3, 1.4, 1.5.</p>
<p>Work down the page. The quizzes and exercises are short enough to do between lessons, the labs take a class period, and the unit exam is worth saving until the rest is done.</p>
<div class=""grp""><h3>Lesson quizzes</h3><p class=""why"">One short auto-scored quiz per lesson. Do these as you go, not the night before.</p><ul class=""chips""><li><a href=""/pages/ap-cyber-unit-1-lesson-1-quiz"">Lesson 1 quiz</a></li><li><a href=""/pages/ap-cyber-unit-1-lesson-2-quiz"">Lesson 2 quiz</a></li><li><a href=""/pages/ap-cyber-unit-1-lesson-3-quiz"">Lesson 3 quiz</a></li><li><a href=""/pages/ap-cyber-unit-1-lesson-4-quiz"">Lesson 4 quiz</a></li><li><a href=""/pages/ap-cyber-unit-1-lesson-5-quiz"">Lesson 5 quiz</a></li></ul></div>
<div class=""grp""><h3>Exercises</h3><p class=""why"">Two per lesson. Shorter than a quiz and aimed at one idea each.</p><ul class=""chips""><li><a href=""/pages/ap-cyber-unit-1-lesson-1-exercise-1"">Lesson 1 exercise 1</a></li><li><a href=""/pages/ap-cyber-unit-1-lesson-1-exercise-2"">Lesson 1 exercise 2</a></li><li><a href=""/pages/ap-cyber-unit-1-lesson-2-exercise-1"">Lesson 2 exercise 1</a></li><li><a href=""/pages/ap-cyber-unit-1-lesson-2-exercise-2"">Lesson 2 exercise 2</a></li><li><a href=""/pages/ap-cyber-unit-1-lesson-3-exercise-1"">Lesson 3 exercise 1</a></li><li><a href=""/pages/ap-cyber-unit-1-lesson-3-exercise-2"">Lesson 3 exercise 2</a></li><li><a href=""/pages/ap-cyber-unit-1-lesson-4-exercise-1"">Lesson 4 exercise 1</a></li><li><a href=""/pages/ap-cyber-unit-1-lesson-4-exercise-2"">Lesson 4 exercise 2</a></li><li><a href=""/pages/ap-cyber-unit-1-lesson-5-exercise-1"">Lesson 5 exercise 1</a></li><li><a href=""/pages/ap-cyber-unit-1-lesson-5-exercise-2"">Lesson 5 exercise 2</a></li></ul></div>
<div class=""grp""><h3>Labs</h3><p class=""why"">Hands-on work in a real terminal. The free-response question asks you to set permissions and firewall rules, so the typing is the practice.</p><ul class=""chips""><li><a href=""/pages/ap-cyber-unit-1-lesson-1-lab"">Lesson 1 lab</a></li><li><a href=""/pages/ap-cyber-unit-1-lesson-2-lab"">Lesson 2 lab</a></li><li><a href=""/pages/ap-cyber-unit-1-lesson-2-terminal-lab"">Lesson 2 terminal lab</a></li><li><a href=""/pages/ap-cyber-unit-1-lesson-3-lab"">Lesson 3 lab</a></li><li><a href=""/pages/ap-cyber-unit-1-lesson-4-lab"">Lesson 4 lab</a></li><li><a href=""/pages/ap-cyber-unit-1-lesson-5-lab"">Lesson 5 lab</a></li></ul></div>
<div class=""grp""><h3>Case file</h3><p class=""why"">One scenario with several sources to read against each other.</p><ul class=""chips""><li><a href=""/pages/ap-cyber-unit-1-case-file-1"">Unit 1 case file</a></li></ul></div>
<div class=""grp""><h3>Scenario practice</h3><p class=""why"">Short scenarios that ask what you would do and why.</p><ul class=""chips""><li><a href=""/pages/ap-cyber-unit-1-scenario-practice"">Unit 1 scenario practice</a></li></ul></div>
<div class=""grp""><h3>Free-response practice</h3><p class=""why"">Device Security Analysis sets in the format the exam actually uses.</p><ul class=""chips""><li><a href=""/pages/ap-cyber-unit-1-frq-practice"">Unit 1 frq practice</a></li></ul></div>
<div class=""grp""><h3>Unit exam</h3><p class=""why"">The full unit test, once you have done the rest.</p><ul class=""chips""><li><a href=""/pages/ap-cyber-unit-1-exam"">Unit 1 exam</a></li></ul></div>
<div class=""grp""><h3>Project</h3><p class=""why"">A longer build you can put in front of a teacher.</p><ul class=""chips""><li><a href=""/pages/ap-cyber-unit-1-project"">Unit 1 project</a></li></ul></div>
<h2>Keep going</h2>
<ul class=""onward"">
<li><a href=""/pages/ap-cybersecurity-unit-1-introduction-to-security"">Study Unit 1</a></li>
<li><a href=""/pages/ap-cybersecurity-practice"">All AP Cybersecurity practice</a></li>
<li><a class=""alt"" href=""/pages/ap-cybersecurity-complete-course-guide"">Full course guide</a></li>
<li><a class=""alt"" href=""/pages/ap-cybersecurity-unit-1-social-engineering"">Unit 1: Social engineering</a></li><li><a class=""alt"" href=""/pages/ap-cybersecurity-unit-1-password-attacks"">Unit 1: Password attacks</a></li><li><a class=""alt"" href=""/pages/ap-cybersecurity-unit-1-wireless-security"">Unit 1: Wireless security</a></li><li><a class=""alt"" href=""/pages/ap-cybersecurity-unit-1-ai-driven-threats"">Unit 1: AI driven threats</a></li><li><a class=""alt"" href=""/pages/ap-cybersecurity-unit-1-ai-cyber-defense"">Unit 1: AI cyber defense</a></li>
</ul>
</div>","TRUE","2026-03-01","AP Cybersecurity Unit 1 Practice Questions, Labs and Exam | Free Practice","Practice AP Cybersecurity Unit 1: 26 quizzes, exercises, terminal labs and the unit exam, covering CED topics 1.1, 1.2, 1.3, 1.4, 1.5. Free and auto-scored."
"ap-cybersecurity-unit-2-practice","MERGE","AP Cybersecurity Unit 2 Practice Questions, Labs and Exam","
<style>
#apcs-cyber-u2-practice{all:initial;display:block;font-family:-apple-system,BlinkMacSystemFont,""Segoe UI"",Roboto,Helvetica,Arial,sans-serif;color:#1a1a2e;line-height:1.6}
#apcs-cyber-u2-practice *{box-sizing:border-box}
#apcs-cyber-u2-practice h1{font-size:1.9rem;line-height:1.25;margin:0 0 .5rem;font-weight:800}
#apcs-cyber-u2-practice h2{font-size:1.25rem;margin:2rem 0 .25rem;font-weight:700}
#apcs-cyber-u2-practice p{margin:.5rem 0 1rem}
#apcs-cyber-u2-practice .lede{font-size:1.05rem;color:#3c3c57}
#apcs-cyber-u2-practice .crumb{font-size:.85rem;color:#5a5a78;margin:0 0 1rem}
#apcs-cyber-u2-practice .crumb a{color:#2b4a8b;text-decoration:none}
#apcs-cyber-u2-practice .grp{border:1px solid #e2e2ee;border-radius:10px;padding:1rem 1.1rem;margin:0 0 1rem;background:#fbfbfe}
#apcs-cyber-u2-practice .grp h3{margin:0 0 .2rem;font-size:1.05rem;font-weight:700}
#apcs-cyber-u2-practice .grp .why{margin:0 0 .7rem;font-size:.92rem;color:#4a4a66}
#apcs-cyber-u2-practice .chips{display:flex;flex-wrap:wrap;gap:.4rem;margin:0;padding:0;list-style:none}
#apcs-cyber-u2-practice .chips li{margin:0}
#apcs-cyber-u2-practice .chips a{display:inline-block;padding:.32rem .7rem;border:1px solid #ccd;border-radius:999px;background:#fff;color:#2b4a8b;text-decoration:none;font-size:.88rem}
#apcs-cyber-u2-practice .chips a:hover{background:#eef2fb}
#apcs-cyber-u2-practice .onward{display:flex;flex-wrap:wrap;gap:.5rem;margin:1.2rem 0 0;padding:0;list-style:none}
#apcs-cyber-u2-practice .onward li{margin:0}
#apcs-cyber-u2-practice .onward a{display:inline-block;padding:.5rem .9rem;border-radius:8px;background:#2b4a8b;color:#fff;text-decoration:none;font-size:.92rem}
#apcs-cyber-u2-practice .onward a.alt{background:#fff;color:#2b4a8b;border:1px solid #2b4a8b}
</style>
<div id=""apcs-cyber-u2-practice"">
<p class=""crumb""><a href=""/pages/ap-cybersecurity-topics"">AP Cybersecurity</a> &rsaquo; <a href=""/pages/ap-cybersecurity-practice"">Practice</a> &rsaquo; Unit 2</p>
<h1>AP Cybersecurity Unit 2 Practice: Securing Physical Spaces</h1>
<p class=""lede"">Every piece of practice for Unit 2, in one place: 23 quizzes, exercises, labs and exams, in the order you should meet them. Unit 2 covers CED topics 2.1, 2.2, 2.3, 2.4.</p>
<p>Work down the page. The quizzes and exercises are short enough to do between lessons, the labs take a class period, and the unit exam is worth saving until the rest is done.</p>
<div class=""grp""><h3>Lesson quizzes</h3><p class=""why"">One short auto-scored quiz per lesson. Do these as you go, not the night before.</p><ul class=""chips""><li><a href=""/pages/ap-cyber-unit-2-lesson-1-quiz"">Lesson 1 quiz</a></li><li><a href=""/pages/ap-cyber-unit-2-lesson-2-quiz"">Lesson 2 quiz</a></li><li><a href=""/pages/ap-cyber-unit-2-lesson-3-quiz"">Lesson 3 quiz</a></li><li><a href=""/pages/ap-cyber-unit-2-lesson-4-quiz"">Lesson 4 quiz</a></li><li><a href=""/pages/ap-cyber-unit-2-lesson-5-quiz"">Lesson 5 quiz</a></li></ul></div>
<div class=""grp""><h3>Exercises</h3><p class=""why"">Two per lesson. Shorter than a quiz and aimed at one idea each.</p><ul class=""chips""><li><a href=""/pages/ap-cyber-unit-2-lesson-1-exercise-1"">Lesson 1 exercise 1</a></li><li><a href=""/pages/ap-cyber-unit-2-lesson-1-exercise-2"">Lesson 1 exercise 2</a></li><li><a href=""/pages/ap-cyber-unit-2-lesson-2-exercise-1"">Lesson 2 exercise 1</a></li><li><a href=""/pages/ap-cyber-unit-2-lesson-2-exercise-2"">Lesson 2 exercise 2</a></li><li><a href=""/pages/ap-cyber-unit-2-lesson-3-exercise-1"">Lesson 3 exercise 1</a></li><li><a href=""/pages/ap-cyber-unit-2-lesson-3-exercise-2"">Lesson 3 exercise 2</a></li><li><a href=""/pages/ap-cyber-unit-2-lesson-4-exercise-1"">Lesson 4 exercise 1</a></li><li><a href=""/pages/ap-cyber-unit-2-lesson-4-exercise-2"">Lesson 4 exercise 2</a></li><li><a href=""/pages/ap-cyber-unit-2-lesson-5-exercise-1"">Lesson 5 exercise 1</a></li><li><a href=""/pages/ap-cyber-unit-2-lesson-5-exercise-2"">Lesson 5 exercise 2</a></li></ul></div>
<div class=""grp""><h3>Labs</h3><p class=""why"">Hands-on work in a real terminal. The free-response question asks you to set permissions and firewall rules, so the typing is the practice.</p><ul class=""chips""><li><a href=""/pages/ap-cyber-unit-2-lesson-1-lab"">Lesson 1 lab</a></li><li><a href=""/pages/ap-cyber-unit-2-lesson-2-lab"">Lesson 2 lab</a></li><li><a href=""/pages/ap-cyber-unit-2-lesson-3-lab"">Lesson 3 lab</a></li><li><a href=""/pages/ap-cyber-unit-2-lesson-4-lab"">Lesson 4 lab</a></li><li><a href=""/pages/ap-cyber-unit-2-lesson-4-terminal-lab"">Lesson 4 terminal lab</a></li><li><a href=""/pages/ap-cyber-unit-2-lesson-5-lab"">Lesson 5 lab</a></li></ul></div>
<div class=""grp""><h3>Case file</h3><p class=""why"">One scenario with several sources to read against each other.</p><ul class=""chips""><li><a href=""/pages/ap-cyber-unit-2-case-file-2"">Unit 2 case file</a></li></ul></div>
<div class=""grp""><h3>Unit exam</h3><p class=""why"">The full unit test, once you have done the rest.</p><ul class=""chips""><li><a href=""/pages/ap-cyber-unit-2-exam"">Unit 2 exam</a></li></ul></div>
<h2>Keep going</h2>
<ul class=""onward"">
<li><a href=""/pages/ap-cybersecurity-unit-2-securing-spaces"">Study Unit 2</a></li>
<li><a href=""/pages/ap-cybersecurity-practice"">All AP Cybersecurity practice</a></li>
<li><a class=""alt"" href=""/pages/ap-cybersecurity-complete-course-guide"">Full course guide</a></li>
<li><a class=""alt"" href=""/pages/ap-cybersecurity-unit-2-cyber-foundations"">Unit 2: Cyber foundations</a></li><li><a class=""alt"" href=""/pages/ap-cybersecurity-unit-2-physical-vulnerabilities"">Unit 2: Physical vulnerabilities</a></li><li><a class=""alt"" href=""/pages/ap-cybersecurity-unit-2-protecting-physical-spaces"">Unit 2: Protecting physical spaces</a></li><li><a class=""alt"" href=""/pages/ap-cybersecurity-unit-2-detecting-physical-attacks"">Unit 2: Detecting physical attacks</a></li>
</ul>
</div>","TRUE","2026-03-01","AP Cybersecurity Unit 2 Practice Questions, Labs and Exam | Free Practice","Practice AP Cybersecurity Unit 2: 23 quizzes, exercises, terminal labs and the unit exam, covering CED topics 2.1, 2.2, 2.3, 2.4. Free and auto-scored."
"ap-cybersecurity-unit-3-practice","MERGE","AP Cybersecurity Unit 3 Practice Questions, Labs and Exam","
<style>
#apcs-cyber-u3-practice{all:initial;display:block;font-family:-apple-system,BlinkMacSystemFont,""Segoe UI"",Roboto,Helvetica,Arial,sans-serif;color:#1a1a2e;line-height:1.6}
#apcs-cyber-u3-practice *{box-sizing:border-box}
#apcs-cyber-u3-practice h1{font-size:1.9rem;line-height:1.25;margin:0 0 .5rem;font-weight:800}
#apcs-cyber-u3-practice h2{font-size:1.25rem;margin:2rem 0 .25rem;font-weight:700}
#apcs-cyber-u3-practice p{margin:.5rem 0 1rem}
#apcs-cyber-u3-practice .lede{font-size:1.05rem;color:#3c3c57}
#apcs-cyber-u3-practice .crumb{font-size:.85rem;color:#5a5a78;margin:0 0 1rem}
#apcs-cyber-u3-practice .crumb a{color:#2b4a8b;text-decoration:none}
#apcs-cyber-u3-practice .grp{border:1px solid #e2e2ee;border-radius:10px;padding:1rem 1.1rem;margin:0 0 1rem;background:#fbfbfe}
#apcs-cyber-u3-practice .grp h3{margin:0 0 .2rem;font-size:1.05rem;font-weight:700}
#apcs-cyber-u3-practice .grp .why{margin:0 0 .7rem;font-size:.92rem;color:#4a4a66}
#apcs-cyber-u3-practice .chips{display:flex;flex-wrap:wrap;gap:.4rem;margin:0;padding:0;list-style:none}
#apcs-cyber-u3-practice .chips li{margin:0}
#apcs-cyber-u3-practice .chips a{display:inline-block;padding:.32rem .7rem;border:1px solid #ccd;border-radius:999px;background:#fff;color:#2b4a8b;text-decoration:none;font-size:.88rem}
#apcs-cyber-u3-practice .chips a:hover{background:#eef2fb}
#apcs-cyber-u3-practice .onward{display:flex;flex-wrap:wrap;gap:.5rem;margin:1.2rem 0 0;padding:0;list-style:none}
#apcs-cyber-u3-practice .onward li{margin:0}
#apcs-cyber-u3-practice .onward a{display:inline-block;padding:.5rem .9rem;border-radius:8px;background:#2b4a8b;color:#fff;text-decoration:none;font-size:.92rem}
#apcs-cyber-u3-practice .onward a.alt{background:#fff;color:#2b4a8b;border:1px solid #2b4a8b}
</style>
<div id=""apcs-cyber-u3-practice"">
<p class=""crumb""><a href=""/pages/ap-cybersecurity-topics"">AP Cybersecurity</a> &rsaquo; <a href=""/pages/ap-cybersecurity-practice"">Practice</a> &rsaquo; Unit 3</p>
<h1>AP Cybersecurity Unit 3 Practice: Securing Networks</h1>
<p class=""lede"">Every piece of practice for Unit 3, in one place: 31 quizzes, exercises, labs and exams, in the order you should meet them. Unit 3 covers CED topics 3.1, 3.2, 3.3, 3.4, 3.5.</p>
<p>Work down the page. The quizzes and exercises are short enough to do between lessons, the labs take a class period, and the unit exam is worth saving until the rest is done.</p>
<div class=""grp""><h3>Lesson quizzes</h3><p class=""why"">One short auto-scored quiz per lesson. Do these as you go, not the night before.</p><ul class=""chips""><li><a href=""/pages/ap-cyber-unit-3-lesson-1-quiz"">Lesson 1 quiz</a></li><li><a href=""/pages/ap-cyber-unit-3-lesson-2-quiz"">Lesson 2 quiz</a></li><li><a href=""/pages/ap-cyber-unit-3-lesson-3-quiz"">Lesson 3 quiz</a></li><li><a href=""/pages/ap-cyber-unit-3-lesson-4-quiz"">Lesson 4 quiz</a></li><li><a href=""/pages/ap-cyber-unit-3-lesson-5-quiz"">Lesson 5 quiz</a></li><li><a href=""/pages/ap-cyber-unit-3-lesson-6-quiz"">Lesson 6 quiz</a></li></ul></div>
<div class=""grp""><h3>Exercises</h3><p class=""why"">Two per lesson. Shorter than a quiz and aimed at one idea each.</p><ul class=""chips""><li><a href=""/pages/ap-cyber-unit-3-lesson-1-exercise-1"">Lesson 1 exercise 1</a></li><li><a href=""/pages/ap-cyber-unit-3-lesson-1-exercise-2"">Lesson 1 exercise 2</a></li><li><a href=""/pages/ap-cyber-unit-3-lesson-2-exercise-1"">Lesson 2 exercise 1</a></li><li><a href=""/pages/ap-cyber-unit-3-lesson-2-exercise-2"">Lesson 2 exercise 2</a></li><li><a href=""/pages/ap-cyber-unit-3-lesson-3-exercise-1"">Lesson 3 exercise 1</a></li><li><a href=""/pages/ap-cyber-unit-3-lesson-3-exercise-2"">Lesson 3 exercise 2</a></li><li><a href=""/pages/ap-cyber-unit-3-lesson-4-exercise-1"">Lesson 4 exercise 1</a></li><li><a href=""/pages/ap-cyber-unit-3-lesson-4-exercise-2"">Lesson 4 exercise 2</a></li><li><a href=""/pages/ap-cyber-unit-3-lesson-5-exercise-1"">Lesson 5 exercise 1</a></li><li><a href=""/pages/ap-cyber-unit-3-lesson-5-exercise-2"">Lesson 5 exercise 2</a></li><li><a href=""/pages/ap-cyber-unit-3-lesson-6-exercise-1"">Lesson 6 exercise 1</a></li><li><a href=""/pages/ap-cyber-unit-3-lesson-6-exercise-2"">Lesson 6 exercise 2</a></li></ul></div>
<div class=""grp""><h3>Labs</h3><p class=""why"">Hands-on work in a real terminal. The free-response question asks you to set permissions and firewall rules, so the typing is the practice.</p><ul class=""chips""><li><a href=""/pages/ap-cyber-unit-3-lesson-1-lab"">Lesson 1 lab</a></li><li><a href=""/pages/ap-cyber-unit-3-lesson-2-lab"">Lesson 2 lab</a></li><li><a href=""/pages/ap-cyber-unit-3-lesson-3-lab"">Lesson 3 lab</a></li><li><a href=""/pages/ap-cyber-unit-3-lesson-4-lab"">Lesson 4 lab</a></li><li><a href=""/pages/ap-cyber-unit-3-lesson-5-lab"">Lesson 5 lab</a></li><li><a href=""/pages/ap-cyber-unit-3-lesson-6-lab"">Lesson 6 lab</a></li></ul></div>
<div class=""grp""><h3>Extra labs</h3><p class=""why"">Longer investigations that pull a whole unit together.</p><ul class=""chips""><li><a href=""/pages/ap-cyber-unit-3-lab-log-analysis"">Lab: log analysis</a></li><li><a href=""/pages/ap-cyber-unit-3-lab-packet-capture"">Lab: packet capture</a></li><li><a href=""/pages/ap-cyber-unit-3-lab-port-mapping"">Lab: port mapping</a></li></ul></div>
<div class=""grp""><h3>Case file</h3><p class=""why"">One scenario with several sources to read against each other.</p><ul class=""chips""><li><a href=""/pages/ap-cyber-unit-3-case-file-3"">Unit 3 case file</a></li></ul></div>
<div class=""grp""><h3>Scenario practice</h3><p class=""why"">Short scenarios that ask what you would do and why.</p><ul class=""chips""><li><a href=""/pages/ap-cyber-unit-3-scenario-practice"">Unit 3 scenario practice</a></li></ul></div>
<div class=""grp""><h3>Unit exam</h3><p class=""why"">The full unit test, once you have done the rest.</p><ul class=""chips""><li><a href=""/pages/ap-cyber-unit-3-exam"">Unit 3 exam</a></li></ul></div>
<div class=""grp""><h3>Project</h3><p class=""why"">A longer build you can put in front of a teacher.</p><ul class=""chips""><li><a href=""/pages/ap-cyber-unit-3-project"">Unit 3 project</a></li></ul></div>
<h2>Keep going</h2>
<ul class=""onward"">
<li><a href=""/pages/ap-cybersecurity-unit-3-securing-networks"">Study Unit 3</a></li>
<li><a href=""/pages/ap-cybersecurity-practice"">All AP Cybersecurity practice</a></li>
<li><a class=""alt"" href=""/pages/ap-cybersecurity-complete-course-guide"">Full course guide</a></li>
<li><a class=""alt"" href=""/pages/ap-cyber-unit-3-lesson-1"">Unit 3 lesson 1</a></li><li><a class=""alt"" href=""/pages/ap-cyber-unit-3-lesson-2"">Unit 3 lesson 2</a></li><li><a class=""alt"" href=""/pages/ap-cyber-unit-3-lesson-3"">Unit 3 lesson 3</a></li><li><a class=""alt"" href=""/pages/ap-cyber-unit-3-lesson-4"">Unit 3 lesson 4</a></li><li><a class=""alt"" href=""/pages/ap-cyber-unit-3-lesson-5"">Unit 3 lesson 5</a></li><li><a class=""alt"" href=""/pages/ap-cyber-unit-3-lesson-6"">Unit 3 lesson 6</a></li>
</ul>
</div>","TRUE","2026-03-01","AP Cybersecurity Unit 3 Practice Questions, Labs and Exam | Free Practice","Practice AP Cybersecurity Unit 3: 31 quizzes, exercises, terminal labs and the unit exam, covering CED topics 3.1, 3.2, 3.3, 3.4, 3.5. Free and auto-scored."
"ap-cybersecurity-unit-4-practice","MERGE","AP Cybersecurity Unit 4 Practice Questions, Labs and Exam","
<style>
#apcs-cyber-u4-practice{all:initial;display:block;font-family:-apple-system,BlinkMacSystemFont,""Segoe UI"",Roboto,Helvetica,Arial,sans-serif;color:#1a1a2e;line-height:1.6}
#apcs-cyber-u4-practice *{box-sizing:border-box}
#apcs-cyber-u4-practice h1{font-size:1.9rem;line-height:1.25;margin:0 0 .5rem;font-weight:800}
#apcs-cyber-u4-practice h2{font-size:1.25rem;margin:2rem 0 .25rem;font-weight:700}
#apcs-cyber-u4-practice p{margin:.5rem 0 1rem}
#apcs-cyber-u4-practice .lede{font-size:1.05rem;color:#3c3c57}
#apcs-cyber-u4-practice .crumb{font-size:.85rem;color:#5a5a78;margin:0 0 1rem}
#apcs-cyber-u4-practice .crumb a{color:#2b4a8b;text-decoration:none}
#apcs-cyber-u4-practice .grp{border:1px solid #e2e2ee;border-radius:10px;padding:1rem 1.1rem;margin:0 0 1rem;background:#fbfbfe}
#apcs-cyber-u4-practice .grp h3{margin:0 0 .2rem;font-size:1.05rem;font-weight:700}
#apcs-cyber-u4-practice .grp .why{margin:0 0 .7rem;font-size:.92rem;color:#4a4a66}
#apcs-cyber-u4-practice .chips{display:flex;flex-wrap:wrap;gap:.4rem;margin:0;padding:0;list-style:none}
#apcs-cyber-u4-practice .chips li{margin:0}
#apcs-cyber-u4-practice .chips a{display:inline-block;padding:.32rem .7rem;border:1px solid #ccd;border-radius:999px;background:#fff;color:#2b4a8b;text-decoration:none;font-size:.88rem}
#apcs-cyber-u4-practice .chips a:hover{background:#eef2fb}
#apcs-cyber-u4-practice .onward{display:flex;flex-wrap:wrap;gap:.5rem;margin:1.2rem 0 0;padding:0;list-style:none}
#apcs-cyber-u4-practice .onward li{margin:0}
#apcs-cyber-u4-practice .onward a{display:inline-block;padding:.5rem .9rem;border-radius:8px;background:#2b4a8b;color:#fff;text-decoration:none;font-size:.92rem}
#apcs-cyber-u4-practice .onward a.alt{background:#fff;color:#2b4a8b;border:1px solid #2b4a8b}
</style>
<div id=""apcs-cyber-u4-practice"">
<p class=""crumb""><a href=""/pages/ap-cybersecurity-topics"">AP Cybersecurity</a> &rsaquo; <a href=""/pages/ap-cybersecurity-practice"">Practice</a> &rsaquo; Unit 4</p>
<h1>AP Cybersecurity Unit 4 Practice: Securing Devices</h1>
<p class=""lede"">Every piece of practice for Unit 4, in one place: 22 quizzes, exercises, labs and exams, in the order you should meet them. Unit 4 covers CED topics 4.1, 4.2, 4.3, 4.4.</p>
<p>Work down the page. The quizzes and exercises are short enough to do between lessons, the labs take a class period, and the unit exam is worth saving until the rest is done.</p>
<div class=""grp""><h3>Lesson quizzes</h3><p class=""why"">One short auto-scored quiz per lesson. Do these as you go, not the night before.</p><ul class=""chips""><li><a href=""/pages/ap-cyber-unit-4-lesson-1-quiz"">Lesson 1 quiz</a></li><li><a href=""/pages/ap-cyber-unit-4-lesson-2-quiz"">Lesson 2 quiz</a></li><li><a href=""/pages/ap-cyber-unit-4-lesson-3-quiz"">Lesson 3 quiz</a></li><li><a href=""/pages/ap-cyber-unit-4-lesson-4-quiz"">Lesson 4 quiz</a></li><li><a href=""/pages/ap-cyber-unit-4-lesson-5-quiz"">Lesson 5 quiz</a></li></ul></div>
<div class=""grp""><h3>Exercises</h3><p class=""why"">Two per lesson. Shorter than a quiz and aimed at one idea each.</p><ul class=""chips""><li><a href=""/pages/ap-cyber-unit-4-lesson-1-exercise-1"">Lesson 1 exercise 1</a></li><li><a href=""/pages/ap-cyber-unit-4-lesson-1-exercise-2"">Lesson 1 exercise 2</a></li><li><a href=""/pages/ap-cyber-unit-4-lesson-2-exercise-1"">Lesson 2 exercise 1</a></li><li><a href=""/pages/ap-cyber-unit-4-lesson-2-exercise-2"">Lesson 2 exercise 2</a></li><li><a href=""/pages/ap-cyber-unit-4-lesson-3-exercise-1"">Lesson 3 exercise 1</a></li><li><a href=""/pages/ap-cyber-unit-4-lesson-3-exercise-2"">Lesson 3 exercise 2</a></li><li><a href=""/pages/ap-cyber-unit-4-lesson-4-exercise-1"">Lesson 4 exercise 1</a></li><li><a href=""/pages/ap-cyber-unit-4-lesson-4-exercise-2"">Lesson 4 exercise 2</a></li><li><a href=""/pages/ap-cyber-unit-4-lesson-5-exercise-1"">Lesson 5 exercise 1</a></li><li><a href=""/pages/ap-cyber-unit-4-lesson-5-exercise-2"">Lesson 5 exercise 2</a></li></ul></div>
<div class=""grp""><h3>Labs</h3><p class=""why"">Hands-on work in a real terminal. The free-response question asks you to set permissions and firewall rules, so the typing is the practice.</p><ul class=""chips""><li><a href=""/pages/ap-cyber-unit-4-lesson-1-lab"">Lesson 1 lab</a></li><li><a href=""/pages/ap-cyber-unit-4-lesson-2-lab"">Lesson 2 lab</a></li><li><a href=""/pages/ap-cyber-unit-4-lesson-3-lab"">Lesson 3 lab</a></li><li><a href=""/pages/ap-cyber-unit-4-lesson-4-lab"">Lesson 4 lab</a></li><li><a href=""/pages/ap-cyber-unit-4-lesson-5-lab"">Lesson 5 lab</a></li></ul></div>
<div class=""grp""><h3>Case file</h3><p class=""why"">One scenario with several sources to read against each other.</p><ul class=""chips""><li><a href=""/pages/ap-cyber-unit-4-case-file-4"">Unit 4 case file</a></li></ul></div>
<div class=""grp""><h3>Unit exam</h3><p class=""why"">The full unit test, once you have done the rest.</p><ul class=""chips""><li><a href=""/pages/ap-cyber-unit-4-exam"">Unit 4 exam</a></li></ul></div>
<h2>Keep going</h2>
<ul class=""onward"">
<li><a href=""/pages/ap-cybersecurity-unit-4-securing-devices"">Study Unit 4</a></li>
<li><a href=""/pages/ap-cybersecurity-practice"">All AP Cybersecurity practice</a></li>
<li><a class=""alt"" href=""/pages/ap-cybersecurity-complete-course-guide"">Full course guide</a></li>
<li><a class=""alt"" href=""/pages/ap-cyber-unit-4-lesson-1"">Unit 4 lesson 1</a></li><li><a class=""alt"" href=""/pages/ap-cyber-unit-4-lesson-2"">Unit 4 lesson 2</a></li><li><a class=""alt"" href=""/pages/ap-cyber-unit-4-lesson-3"">Unit 4 lesson 3</a></li><li><a class=""alt"" href=""/pages/ap-cyber-unit-4-lesson-4"">Unit 4 lesson 4</a></li>
</ul>
</div>","TRUE","2026-03-01","AP Cybersecurity Unit 4 Practice Questions, Labs and Exam | Free Practice","Practice AP Cybersecurity Unit 4: 22 quizzes, exercises, terminal labs and the unit exam, covering CED topics 4.1, 4.2, 4.3, 4.4. Free and auto-scored."
"ap-cybersecurity-unit-5-practice","MERGE","AP Cybersecurity Unit 5 Practice Questions, Labs and Exam","
<style>
#apcs-cyber-u5-practice{all:initial;display:block;font-family:-apple-system,BlinkMacSystemFont,""Segoe UI"",Roboto,Helvetica,Arial,sans-serif;color:#1a1a2e;line-height:1.6}
#apcs-cyber-u5-practice *{box-sizing:border-box}
#apcs-cyber-u5-practice h1{font-size:1.9rem;line-height:1.25;margin:0 0 .5rem;font-weight:800}
#apcs-cyber-u5-practice h2{font-size:1.25rem;margin:2rem 0 .25rem;font-weight:700}
#apcs-cyber-u5-practice p{margin:.5rem 0 1rem}
#apcs-cyber-u5-practice .lede{font-size:1.05rem;color:#3c3c57}
#apcs-cyber-u5-practice .crumb{font-size:.85rem;color:#5a5a78;margin:0 0 1rem}
#apcs-cyber-u5-practice .crumb a{color:#2b4a8b;text-decoration:none}
#apcs-cyber-u5-practice .grp{border:1px solid #e2e2ee;border-radius:10px;padding:1rem 1.1rem;margin:0 0 1rem;background:#fbfbfe}
#apcs-cyber-u5-practice .grp h3{margin:0 0 .2rem;font-size:1.05rem;font-weight:700}
#apcs-cyber-u5-practice .grp .why{margin:0 0 .7rem;font-size:.92rem;color:#4a4a66}
#apcs-cyber-u5-practice .chips{display:flex;flex-wrap:wrap;gap:.4rem;margin:0;padding:0;list-style:none}
#apcs-cyber-u5-practice .chips li{margin:0}
#apcs-cyber-u5-practice .chips a{display:inline-block;padding:.32rem .7rem;border:1px solid #ccd;border-radius:999px;background:#fff;color:#2b4a8b;text-decoration:none;font-size:.88rem}
#apcs-cyber-u5-practice .chips a:hover{background:#eef2fb}
#apcs-cyber-u5-practice .onward{display:flex;flex-wrap:wrap;gap:.5rem;margin:1.2rem 0 0;padding:0;list-style:none}
#apcs-cyber-u5-practice .onward li{margin:0}
#apcs-cyber-u5-practice .onward a{display:inline-block;padding:.5rem .9rem;border-radius:8px;background:#2b4a8b;color:#fff;text-decoration:none;font-size:.92rem}
#apcs-cyber-u5-practice .onward a.alt{background:#fff;color:#2b4a8b;border:1px solid #2b4a8b}
</style>
<div id=""apcs-cyber-u5-practice"">
<p class=""crumb""><a href=""/pages/ap-cybersecurity-topics"">AP Cybersecurity</a> &rsaquo; <a href=""/pages/ap-cybersecurity-practice"">Practice</a> &rsaquo; Unit 5</p>
<h1>AP Cybersecurity Unit 5 Practice: Securing Applications and Data</h1>
<p class=""lede"">Every piece of practice for Unit 5, in one place: 27 quizzes, exercises, labs and exams, in the order you should meet them. Unit 5 covers CED topics 5.1, 5.2, 5.3, 5.4, 5.5, 5.6.</p>
<p>Work down the page. The quizzes and exercises are short enough to do between lessons, the labs take a class period, and the unit exam is worth saving until the rest is done.</p>
<div class=""grp""><h3>Lesson quizzes</h3><p class=""why"">One short auto-scored quiz per lesson. Do these as you go, not the night before.</p><ul class=""chips""><li><a href=""/pages/ap-cyber-unit-5-lesson-1-quiz"">Lesson 1 quiz</a></li><li><a href=""/pages/ap-cyber-unit-5-lesson-2-quiz"">Lesson 2 quiz</a></li><li><a href=""/pages/ap-cyber-unit-5-lesson-3-quiz"">Lesson 3 quiz</a></li><li><a href=""/pages/ap-cyber-unit-5-lesson-4-quiz"">Lesson 4 quiz</a></li><li><a href=""/pages/ap-cyber-unit-5-lesson-5-quiz"">Lesson 5 quiz</a></li><li><a href=""/pages/ap-cyber-unit-5-lesson-6-quiz"">Lesson 6 quiz</a></li></ul></div>
<div class=""grp""><h3>Exercises</h3><p class=""why"">Two per lesson. Shorter than a quiz and aimed at one idea each.</p><ul class=""chips""><li><a href=""/pages/ap-cyber-unit-5-lesson-1-exercise-1"">Lesson 1 exercise 1</a></li><li><a href=""/pages/ap-cyber-unit-5-lesson-1-exercise-2"">Lesson 1 exercise 2</a></li><li><a href=""/pages/ap-cyber-unit-5-lesson-2-exercise-1"">Lesson 2 exercise 1</a></li><li><a href=""/pages/ap-cyber-unit-5-lesson-2-exercise-2"">Lesson 2 exercise 2</a></li><li><a href=""/pages/ap-cyber-unit-5-lesson-3-exercise-1"">Lesson 3 exercise 1</a></li><li><a href=""/pages/ap-cyber-unit-5-lesson-3-exercise-2"">Lesson 3 exercise 2</a></li><li><a href=""/pages/ap-cyber-unit-5-lesson-4-exercise-1"">Lesson 4 exercise 1</a></li><li><a href=""/pages/ap-cyber-unit-5-lesson-4-exercise-2"">Lesson 4 exercise 2</a></li><li><a href=""/pages/ap-cyber-unit-5-lesson-5-exercise-1"">Lesson 5 exercise 1</a></li><li><a href=""/pages/ap-cyber-unit-5-lesson-5-exercise-2"">Lesson 5 exercise 2</a></li><li><a href=""/pages/ap-cyber-unit-5-lesson-6-exercise-1"">Lesson 6 exercise 1</a></li><li><a href=""/pages/ap-cyber-unit-5-lesson-6-exercise-2"">Lesson 6 exercise 2</a></li></ul></div>
<div class=""grp""><h3>Labs</h3><p class=""why"">Hands-on work in a real terminal. The free-response question asks you to set permissions and firewall rules, so the typing is the practice.</p><ul class=""chips""><li><a href=""/pages/ap-cyber-unit-5-lesson-1-lab"">Lesson 1 lab</a></li><li><a href=""/pages/ap-cyber-unit-5-lesson-2-lab"">Lesson 2 lab</a></li><li><a href=""/pages/ap-cyber-unit-5-lesson-3-lab"">Lesson 3 lab</a></li><li><a href=""/pages/ap-cyber-unit-5-lesson-4-lab"">Lesson 4 lab</a></li><li><a href=""/pages/ap-cyber-unit-5-lesson-5-lab"">Lesson 5 lab</a></li><li><a href=""/pages/ap-cyber-unit-5-lesson-6-lab"">Lesson 6 lab</a></li></ul></div>
<div class=""grp""><h3>Case file</h3><p class=""why"">One scenario with several sources to read against each other.</p><ul class=""chips""><li><a href=""/pages/ap-cyber-unit-5-case-file-5"">Unit 5 case file</a></li></ul></div>
<div class=""grp""><h3>Unit exam</h3><p class=""why"">The full unit test, once you have done the rest.</p><ul class=""chips""><li><a href=""/pages/ap-cyber-unit-5-exam"">Unit 5 exam</a></li><li><a href=""/pages/ap-cyber-unit-5-practice-exam"">Unit 5 practice exam</a></li></ul></div>
<h2>Keep going</h2>
<ul class=""onward"">
<li><a href=""/pages/ap-cybersecurity-unit-5-securing-applications-and-data"">Study Unit 5</a></li>
<li><a href=""/pages/ap-cybersecurity-practice"">All AP Cybersecurity practice</a></li>
<li><a class=""alt"" href=""/pages/ap-cybersecurity-complete-course-guide"">Full course guide</a></li>
<li><a class=""alt"" href=""/pages/ap-cyber-unit-5-lesson-1"">Unit 5 lesson 1</a></li><li><a class=""alt"" href=""/pages/ap-cyber-unit-5-lesson-2"">Unit 5 lesson 2</a></li><li><a class=""alt"" href=""/pages/ap-cyber-unit-5-lesson-3"">Unit 5 lesson 3</a></li><li><a class=""alt"" href=""/pages/ap-cyber-unit-5-lesson-4"">Unit 5 lesson 4</a></li><li><a class=""alt"" href=""/pages/ap-cyber-unit-5-lesson-5"">Unit 5 lesson 5</a></li><li><a class=""alt"" href=""/pages/ap-cyber-unit-5-lesson-6"">Unit 5 lesson 6</a></li>
</ul>
</div>","TRUE","2026-03-01","AP Cybersecurity Unit 5 Practice Questions, Labs and Exam | Free Practice","Practice AP Cybersecurity Unit 5: 27 quizzes, exercises, terminal labs and the unit exam, covering CED topics 5.1, 5.2, 5.3, 5.4, 5.5, 5.6. Free and auto-scored."
