"Command","Path","Target"
"MERGE","/blogs/ap-csa-daily-practice/unit-2-cycle-2-day-1-boolean-algebra-equivalence","/blogs/ap-csa-daily-practice/unit2-cycle2-day-1-boolean-algebra-equivalence"
"MERGE","/blogs/ap-csa-daily-practice/unit-2-cycle-2-day-10-iteration-accumulation","/blogs/ap-csa-daily-practice/unit2-cycle2-day-10-iteration-accumulation"
"MERGE","/blogs/ap-csa-daily-practice/unit-2-cycle-2-day-11-iteration-nested-loop-count","/blogs/ap-csa-daily-practice/unit2-cycle2-day-11-iteration-nested-loop-count"
"MERGE","/blogs/ap-csa-daily-practice/unit-2-cycle-2-day-13-iteration-break","/blogs/ap-csa-daily-practice/unit2-cycle2-day-13-iteration-break"
"MERGE","/blogs/ap-csa-daily-practice/unit-2-cycle-2-day-14-iteration-selection-filtering","/blogs/ap-csa-daily-practice/unit2-cycle2-day-14-iteration-selection-filtering"
"MERGE","/blogs/ap-csa-daily-practice/unit-2-cycle-2-day-15-boolean-algebra-equivalence","/blogs/ap-csa-daily-practice/unit2-cycle2-day-15-boolean-algebra-equivalence"
"MERGE","/blogs/ap-csa-daily-practice/unit-2-cycle-2-day-16-selection-if-else-if-boundary","/blogs/ap-csa-daily-practice/unit2-cycle2-day-16-selection-if-else-if-boundary"
"MERGE","/blogs/ap-csa-daily-practice/unit-2-cycle-2-day-19-iteration-while-loop-growth","/blogs/ap-csa-daily-practice/unit2-cycle2-day-19-iteration-while-loop-growth"
"MERGE","/blogs/ap-csa-daily-practice/unit-2-cycle-2-day-20-iteration-accumulation","/blogs/ap-csa-daily-practice/unit2-cycle2-day-20-iteration-accumulation"
"MERGE","/blogs/ap-csa-daily-practice/unit-2-cycle-2-day-21-iteration-break","/blogs/ap-csa-daily-practice/unit2-cycle2-day-21-iteration-break"
"MERGE","/blogs/ap-csa-daily-practice/unit-2-cycle-2-day-22-iteration-continue","/blogs/ap-csa-daily-practice/unit2-cycle2-day-22-iteration-continue"
"MERGE","/blogs/ap-csa-daily-practice/unit-2-cycle-2-day-23-iteration-while-loop-tracing","/blogs/ap-csa-daily-practice/unit2-cycle2-day-23-iteration-while-loop-tracing"
"MERGE","/blogs/ap-csa-daily-practice/unit-2-cycle-2-day-24-iteration-nested-loop-count","/blogs/ap-csa-daily-practice/unit2-cycle2-day-24-iteration-nested-loop-count"
"MERGE","/blogs/ap-csa-daily-practice/unit-2-cycle-2-day-25-iteration-selection-nested-condition","/blogs/ap-csa-daily-practice/unit2-cycle2-day-25-iteration-selection-nested-condition"
"MERGE","/blogs/ap-csa-daily-practice/unit-2-cycle-2-day-26-iteration-break-in-nested-loops","/blogs/ap-csa-daily-practice/unit2-cycle2-day-26-iteration-break-in-nested-loops"
"MERGE","/blogs/ap-csa-daily-practice/unit-2-cycle-2-day-27-iteration-selection-nested-filtering","/blogs/ap-csa-daily-practice/unit2-cycle2-day-27-iteration-selection-nested-filtering"
"MERGE","/blogs/ap-csa-daily-practice/unit-2-cycle-2-day-28-iteration-nested-loop-accumulation","/blogs/ap-csa-daily-practice/unit2-cycle2-day-28-iteration-nested-loop-accumulation"
"MERGE","/blogs/ap-csa-daily-practice/unit-2-cycle-2-day-4-selection-nested-if-else","/blogs/ap-csa-daily-practice/unit2-cycle2-day-4-selection-nested-if-else"
"MERGE","/blogs/ap-csa-daily-practice/unit-2-cycle-2-day-6-selection-range-check","/blogs/ap-csa-daily-practice/unit2-cycle2-day-6-selection-range-check"
"MERGE","/blogs/ap-csa-daily-practice/unit-2-cycle-2-day-7-selection-two-separate-if-statements","/blogs/ap-csa-daily-practice/unit2-cycle2-day-7-selection-two-separate-if-statements"
"MERGE","/blogs/ap-csa-daily-practice/unit-2-cycle-2-day-8-iteration-for-loop-count","/blogs/ap-csa-daily-practice/unit2-cycle2-day-8-iteration-for-loop-count"
"MERGE","/blogs/ap-csa-daily-practice/unit-2-cycle-2-day-9-iteration-while-loop-tracing","/blogs/ap-csa-daily-practice/unit2-cycle2-day-9-iteration-while-loop-tracing"
"MERGE","/blogs/ap-csa-daily-practice/unit-3-cycle-2-day-1-constructor-overloading","/blogs/ap-csa-daily-practice/unit3-cycle2-day-1-constructor-overloading"
"MERGE","/blogs/ap-csa-daily-practice/unit-3-cycle-2-day-10-method-overriding-rules","/blogs/ap-csa-daily-practice/unit3-cycle2-day-10-method-overriding-rules"
"MERGE","/blogs/ap-csa-daily-practice/unit-3-cycle-2-day-11-mutator-method","/blogs/ap-csa-daily-practice/unit3-cycle2-day-11-mutator-method"
"MERGE","/blogs/ap-csa-daily-practice/unit-3-cycle-2-day-12-object-equality","/blogs/ap-csa-daily-practice/unit3-cycle2-day-12-object-equality"
"MERGE","/blogs/ap-csa-daily-practice/unit-3-cycle-2-day-13-super-keyword","/blogs/ap-csa-daily-practice/unit3-cycle2-day-13-super-keyword"
"MERGE","/blogs/ap-csa-daily-practice/unit-3-cycle-2-day-14-constructor-parameter-validation","/blogs/ap-csa-daily-practice/unit3-cycle2-day-14-constructor-parameter-validation"
"MERGE","/blogs/ap-csa-daily-practice/unit-3-cycle-2-day-15-polymorphism","/blogs/ap-csa-daily-practice/unit3-cycle2-day-15-polymorphism"
"MERGE","/blogs/ap-csa-daily-practice/unit-3-cycle-2-day-16-tostring-override","/blogs/ap-csa-daily-practice/unit3-cycle2-day-16-tostring-override"
"MERGE","/blogs/ap-csa-daily-practice/unit-3-cycle-2-day-17-constructor-default-values","/blogs/ap-csa-daily-practice/unit3-cycle2-day-17-constructor-default-values"
"MERGE","/blogs/ap-csa-daily-practice/unit-3-cycle-2-day-18-private-vs-public","/blogs/ap-csa-daily-practice/unit3-cycle2-day-18-private-vs-public"
"MERGE","/blogs/ap-csa-daily-practice/unit-3-cycle-2-day-19-method-overriding-vs-overloading","/blogs/ap-csa-daily-practice/unit3-cycle2-day-19-method-overriding-vs-overloading"
"MERGE","/blogs/ap-csa-daily-practice/unit-3-cycle-2-day-20-inheritance-access","/blogs/ap-csa-daily-practice/unit3-cycle2-day-20-inheritance-access"
"MERGE","/blogs/ap-csa-daily-practice/unit-3-cycle-2-day-21-null-reference","/blogs/ap-csa-daily-practice/unit3-cycle2-day-21-null-reference"
"MERGE","/blogs/ap-csa-daily-practice/unit-3-cycle-2-day-22-this-in-constructors","/blogs/ap-csa-daily-practice/unit3-cycle2-day-22-this-in-constructors"
"MERGE","/blogs/ap-csa-daily-practice/unit-3-cycle-2-day-23-static-method-calling","/blogs/ap-csa-daily-practice/unit3-cycle2-day-23-static-method-calling"
"MERGE","/blogs/ap-csa-daily-practice/unit-3-cycle-2-day-24-constructor-no-return","/blogs/ap-csa-daily-practice/unit3-cycle2-day-24-constructor-no-return"
"MERGE","/blogs/ap-csa-daily-practice/unit-3-cycle-2-day-25-super-call","/blogs/ap-csa-daily-practice/unit3-cycle2-day-25-super-call"
"MERGE","/blogs/ap-csa-daily-practice/unit-3-cycle-2-day-26-object-class","/blogs/ap-csa-daily-practice/unit3-cycle2-day-26-object-class"
"MERGE","/blogs/ap-csa-daily-practice/unit-3-cycle-2-day-27-encapsulation-violation","/blogs/ap-csa-daily-practice/unit3-cycle2-day-27-encapsulation-violation"
"MERGE","/blogs/ap-csa-daily-practice/unit-3-cycle-2-day-28-polymorphic-array","/blogs/ap-csa-daily-practice/unit3-cycle2-day-28-polymorphic-array"
"MERGE","/blogs/ap-csa-daily-practice/unit-3-cycle-2-day-3-accessor-method-side-effects","/blogs/ap-csa-daily-practice/unit3-cycle2-day-3-accessor-method-side-effects"
"MERGE","/blogs/ap-csa-daily-practice/unit-3-cycle-2-day-4-method-overriding","/blogs/ap-csa-daily-practice/unit3-cycle2-day-4-method-overriding"
"MERGE","/blogs/ap-csa-daily-practice/unit-3-cycle-2-day-5-constructor-chaining","/blogs/ap-csa-daily-practice/unit3-cycle2-day-5-constructor-chaining"
"MERGE","/blogs/ap-csa-daily-practice/unit-3-cycle-2-day-6-this-keyword","/blogs/ap-csa-daily-practice/unit3-cycle2-day-6-this-keyword"
"MERGE","/blogs/ap-csa-daily-practice/unit-3-cycle-2-day-7-scope-and-access","/blogs/ap-csa-daily-practice/unit3-cycle2-day-7-scope-and-access"
"MERGE","/blogs/ap-csa-daily-practice/unit-3-cycle-2-day-8-static-method-restrictions","/blogs/ap-csa-daily-practice/unit3-cycle2-day-8-static-method-restrictions"
"MERGE","/blogs/ap-csa-daily-practice/unit-3-cycle-2-day-9-inheritance-constructor-calls","/blogs/ap-csa-daily-practice/unit3-cycle2-day-9-inheritance-constructor-calls"
"MERGE","/blogs/ap-csa-daily-practice/unit-4-cycle-2-day-1-array-initialization","/blogs/ap-csa-daily-practice/unit4-cycle2-day-1-array-initialization"
"MERGE","/blogs/ap-csa-daily-practice/unit-4-cycle-2-day-11-arraylist-add-with-index","/blogs/ap-csa-daily-practice/unit4-cycle2-day-11-arraylist-add-with-index"
"MERGE","/blogs/ap-csa-daily-practice/unit-4-cycle-2-day-12-array-out-of-bounds","/blogs/ap-csa-daily-practice/unit4-cycle2-day-12-array-out-of-bounds"
"MERGE","/blogs/ap-csa-daily-practice/unit-4-cycle-2-day-13-arraylist-remove-return-value","/blogs/ap-csa-daily-practice/unit4-cycle2-day-13-arraylist-remove-return-value"
"MERGE","/blogs/ap-csa-daily-practice/unit-4-cycle-2-day-15-binary-search-precondition","/blogs/ap-csa-daily-practice/unit4-cycle2-day-15-binary-search-precondition"
"MERGE","/blogs/ap-csa-daily-practice/unit-4-cycle-2-day-16-arraylist-set-index-error","/blogs/ap-csa-daily-practice/unit4-cycle2-day-16-arraylist-set-index-error"
"MERGE","/blogs/ap-csa-daily-practice/unit-4-cycle-2-day-17-array-reverse","/blogs/ap-csa-daily-practice/unit4-cycle2-day-17-array-reverse"
"MERGE","/blogs/ap-csa-daily-practice/unit-4-cycle-2-day-18-arraylist-autoboxing","/blogs/ap-csa-daily-practice/unit4-cycle2-day-18-arraylist-autoboxing"
"MERGE","/blogs/ap-csa-daily-practice/unit-4-cycle-2-day-19-2d-array-search","/blogs/ap-csa-daily-practice/unit4-cycle2-day-19-2d-array-search"
"MERGE","/blogs/ap-csa-daily-practice/unit-4-cycle-2-day-2-enhanced-for-loop-limitation","/blogs/ap-csa-daily-practice/unit4-cycle2-day-2-enhanced-for-loop-limitation"
"MERGE","/blogs/ap-csa-daily-practice/unit-4-cycle-2-day-20-arraylist-remove-with-wrapper","/blogs/ap-csa-daily-practice/unit4-cycle2-day-20-arraylist-remove-with-wrapper"
"MERGE","/blogs/ap-csa-daily-practice/unit-4-cycle-2-day-21-array-copy-pitfall","/blogs/ap-csa-daily-practice/unit4-cycle2-day-21-array-copy-pitfall"
"MERGE","/blogs/ap-csa-daily-practice/unit-4-cycle-2-day-22-arraylist-remove-all-even-numbers","/blogs/ap-csa-daily-practice/unit4-cycle2-day-22-arraylist-remove-all-even-numbers"
"MERGE","/blogs/ap-csa-daily-practice/unit-4-cycle-2-day-24-arraylist-null-element","/blogs/ap-csa-daily-practice/unit4-cycle2-day-24-arraylist-null-element"
"MERGE","/blogs/ap-csa-daily-practice/unit-4-cycle-2-day-25-selection-sort-iteration","/blogs/ap-csa-daily-practice/unit4-cycle2-day-25-selection-sort-iteration"
"MERGE","/blogs/ap-csa-daily-practice/unit-4-cycle-2-day-26-arraylist-loop-adding","/blogs/ap-csa-daily-practice/unit4-cycle2-day-26-arraylist-loop-adding"
"MERGE","/blogs/ap-csa-daily-practice/unit-4-cycle-2-day-28-arraylist-equality","/blogs/ap-csa-daily-practice/unit4-cycle2-day-28-arraylist-equality"
"MERGE","/blogs/ap-csa-daily-practice/unit-4-cycle-2-day-3-arraylist-remove-during-iteration","/blogs/ap-csa-daily-practice/unit4-cycle2-day-3-arraylist-remove-during-iteration"
"MERGE","/blogs/ap-csa-daily-practice/unit-4-cycle-2-day-4-array-vs-arraylist","/blogs/ap-csa-daily-practice/unit4-cycle2-day-4-array-vs-arraylist"
"MERGE","/blogs/ap-csa-daily-practice/unit-4-cycle-2-day-6-arraylist-wrapper-types","/blogs/ap-csa-daily-practice/unit4-cycle2-day-6-arraylist-wrapper-types"
"MERGE","/blogs/ap-csa-daily-practice/unit-4-cycle-2-day-7-linear-search","/blogs/ap-csa-daily-practice/unit4-cycle2-day-7-linear-search"
"MERGE","/blogs/ap-csa-daily-practice/unit-4-cycle-2-day-8-arraylist-get-vs-set","/blogs/ap-csa-daily-practice/unit4-cycle2-day-8-arraylist-get-vs-set"
"MERGE","/blogs/ap-csa-daily-practice/unit-4-cycle-2-day-9-2d-array-column-major-traversal","/blogs/ap-csa-daily-practice/unit4-cycle2-day-9-2d-array-column-major-traversal"
