"Blog: Handle","Handle","Command","Published"
"ap-csa-daily-practice","unit-2-cycle-2-day-1-boolean-algebra-equivalence","MERGE","FALSE"
"ap-csa-daily-practice","unit-2-cycle-2-day-10-iteration-accumulation","MERGE","FALSE"
"ap-csa-daily-practice","unit-2-cycle-2-day-11-iteration-nested-loop-count","MERGE","FALSE"
"ap-csa-daily-practice","unit-2-cycle-2-day-13-iteration-break","MERGE","FALSE"
"ap-csa-daily-practice","unit-2-cycle-2-day-14-iteration-selection-filtering","MERGE","FALSE"
"ap-csa-daily-practice","unit-2-cycle-2-day-15-boolean-algebra-equivalence","MERGE","FALSE"
"ap-csa-daily-practice","unit-2-cycle-2-day-16-selection-if-else-if-boundary","MERGE","FALSE"
"ap-csa-daily-practice","unit-2-cycle-2-day-19-iteration-while-loop-growth","MERGE","FALSE"
"ap-csa-daily-practice","unit-2-cycle-2-day-20-iteration-accumulation","MERGE","FALSE"
"ap-csa-daily-practice","unit-2-cycle-2-day-21-iteration-break","MERGE","FALSE"
"ap-csa-daily-practice","unit-2-cycle-2-day-22-iteration-continue","MERGE","FALSE"
"ap-csa-daily-practice","unit-2-cycle-2-day-23-iteration-while-loop-tracing","MERGE","FALSE"
"ap-csa-daily-practice","unit-2-cycle-2-day-24-iteration-nested-loop-count","MERGE","FALSE"
"ap-csa-daily-practice","unit-2-cycle-2-day-25-iteration-selection-nested-condition","MERGE","FALSE"
"ap-csa-daily-practice","unit-2-cycle-2-day-26-iteration-break-in-nested-loops","MERGE","FALSE"
"ap-csa-daily-practice","unit-2-cycle-2-day-27-iteration-selection-nested-filtering","MERGE","FALSE"
"ap-csa-daily-practice","unit-2-cycle-2-day-28-iteration-nested-loop-accumulation","MERGE","FALSE"
"ap-csa-daily-practice","unit-2-cycle-2-day-4-selection-nested-if-else","MERGE","FALSE"
"ap-csa-daily-practice","unit-2-cycle-2-day-6-selection-range-check","MERGE","FALSE"
"ap-csa-daily-practice","unit-2-cycle-2-day-7-selection-two-separate-if-statements","MERGE","FALSE"
"ap-csa-daily-practice","unit-2-cycle-2-day-8-iteration-for-loop-count","MERGE","FALSE"
"ap-csa-daily-practice","unit-2-cycle-2-day-9-iteration-while-loop-tracing","MERGE","FALSE"
"ap-csa-daily-practice","unit-3-cycle-2-day-1-constructor-overloading","MERGE","FALSE"
"ap-csa-daily-practice","unit-3-cycle-2-day-10-method-overriding-rules","MERGE","FALSE"
"ap-csa-daily-practice","unit-3-cycle-2-day-11-mutator-method","MERGE","FALSE"
"ap-csa-daily-practice","unit-3-cycle-2-day-12-object-equality","MERGE","FALSE"
"ap-csa-daily-practice","unit-3-cycle-2-day-13-super-keyword","MERGE","FALSE"
"ap-csa-daily-practice","unit-3-cycle-2-day-14-constructor-parameter-validation","MERGE","FALSE"
"ap-csa-daily-practice","unit-3-cycle-2-day-15-polymorphism","MERGE","FALSE"
"ap-csa-daily-practice","unit-3-cycle-2-day-16-tostring-override","MERGE","FALSE"
"ap-csa-daily-practice","unit-3-cycle-2-day-17-constructor-default-values","MERGE","FALSE"
"ap-csa-daily-practice","unit-3-cycle-2-day-18-private-vs-public","MERGE","FALSE"
"ap-csa-daily-practice","unit-3-cycle-2-day-19-method-overriding-vs-overloading","MERGE","FALSE"
"ap-csa-daily-practice","unit-3-cycle-2-day-20-inheritance-access","MERGE","FALSE"
"ap-csa-daily-practice","unit-3-cycle-2-day-21-null-reference","MERGE","FALSE"
"ap-csa-daily-practice","unit-3-cycle-2-day-22-this-in-constructors","MERGE","FALSE"
"ap-csa-daily-practice","unit-3-cycle-2-day-23-static-method-calling","MERGE","FALSE"
"ap-csa-daily-practice","unit-3-cycle-2-day-24-constructor-no-return","MERGE","FALSE"
"ap-csa-daily-practice","unit-3-cycle-2-day-25-super-call","MERGE","FALSE"
"ap-csa-daily-practice","unit-3-cycle-2-day-26-object-class","MERGE","FALSE"
"ap-csa-daily-practice","unit-3-cycle-2-day-27-encapsulation-violation","MERGE","FALSE"
"ap-csa-daily-practice","unit-3-cycle-2-day-28-polymorphic-array","MERGE","FALSE"
"ap-csa-daily-practice","unit-3-cycle-2-day-3-accessor-method-side-effects","MERGE","FALSE"
"ap-csa-daily-practice","unit-3-cycle-2-day-4-method-overriding","MERGE","FALSE"
"ap-csa-daily-practice","unit-3-cycle-2-day-5-constructor-chaining","MERGE","FALSE"
"ap-csa-daily-practice","unit-3-cycle-2-day-6-this-keyword","MERGE","FALSE"
"ap-csa-daily-practice","unit-3-cycle-2-day-7-scope-and-access","MERGE","FALSE"
"ap-csa-daily-practice","unit-3-cycle-2-day-8-static-method-restrictions","MERGE","FALSE"
"ap-csa-daily-practice","unit-3-cycle-2-day-9-inheritance-constructor-calls","MERGE","FALSE"
"ap-csa-daily-practice","unit-4-cycle-2-day-1-array-initialization","MERGE","FALSE"
"ap-csa-daily-practice","unit-4-cycle-2-day-11-arraylist-add-with-index","MERGE","FALSE"
"ap-csa-daily-practice","unit-4-cycle-2-day-12-array-out-of-bounds","MERGE","FALSE"
"ap-csa-daily-practice","unit-4-cycle-2-day-13-arraylist-remove-return-value","MERGE","FALSE"
"ap-csa-daily-practice","unit-4-cycle-2-day-15-binary-search-precondition","MERGE","FALSE"
"ap-csa-daily-practice","unit-4-cycle-2-day-16-arraylist-set-index-error","MERGE","FALSE"
"ap-csa-daily-practice","unit-4-cycle-2-day-17-array-reverse","MERGE","FALSE"
"ap-csa-daily-practice","unit-4-cycle-2-day-18-arraylist-autoboxing","MERGE","FALSE"
"ap-csa-daily-practice","unit-4-cycle-2-day-19-2d-array-search","MERGE","FALSE"
"ap-csa-daily-practice","unit-4-cycle-2-day-2-enhanced-for-loop-limitation","MERGE","FALSE"
"ap-csa-daily-practice","unit-4-cycle-2-day-20-arraylist-remove-with-wrapper","MERGE","FALSE"
"ap-csa-daily-practice","unit-4-cycle-2-day-21-array-copy-pitfall","MERGE","FALSE"
"ap-csa-daily-practice","unit-4-cycle-2-day-22-arraylist-remove-all-even-numbers","MERGE","FALSE"
"ap-csa-daily-practice","unit-4-cycle-2-day-24-arraylist-null-element","MERGE","FALSE"
"ap-csa-daily-practice","unit-4-cycle-2-day-25-selection-sort-iteration","MERGE","FALSE"
"ap-csa-daily-practice","unit-4-cycle-2-day-26-arraylist-loop-adding","MERGE","FALSE"
"ap-csa-daily-practice","unit-4-cycle-2-day-28-arraylist-equality","MERGE","FALSE"
"ap-csa-daily-practice","unit-4-cycle-2-day-3-arraylist-remove-during-iteration","MERGE","FALSE"
"ap-csa-daily-practice","unit-4-cycle-2-day-4-array-vs-arraylist","MERGE","FALSE"
"ap-csa-daily-practice","unit-4-cycle-2-day-6-arraylist-wrapper-types","MERGE","FALSE"
"ap-csa-daily-practice","unit-4-cycle-2-day-7-linear-search","MERGE","FALSE"
"ap-csa-daily-practice","unit-4-cycle-2-day-8-arraylist-get-vs-set","MERGE","FALSE"
"ap-csa-daily-practice","unit-4-cycle-2-day-9-2d-array-column-major-traversal","MERGE","FALSE"
