"Blog: Handle","Handle","Command","Body HTML"
"news","ap-csa-recursion-complete-guide","MERGE","<style>
/* ============================================================
   RECURSION GUIDE - SCOPED WRAPPER
   All styles prefixed to prevent Shopify override
   ============================================================ */
#apcs-recursion-wrapper {
  all: initial;
  display: block;
  font-family: -apple-system, BlinkMacSystemFont, 'Segoe UI', Roboto, Oxygen, Ubuntu, Cantarell, sans-serif;
  line-height: 1.7;
  color: #1f2937;
  max-width: 900px;
  margin: 0 auto;
  padding: 20px;
  box-sizing: border-box;
}
#apcs-recursion-wrapper * {
  box-sizing: border-box;
}

/* ---- Typography ---- */
#apcs-recursion-wrapper h1 {
  font-size: 2.1em;
  font-weight: 800;
  color: #1e3a8a !important;
  border-bottom: 4px solid #3b82f6;
  padding-bottom: 14px;
  margin: 0 0 8px 0;
  line-height: 1.25;
}
#apcs-recursion-wrapper h2 {
  font-size: 1.5em;
  font-weight: 700;
  color: #1e40af !important;
  border-left: 5px solid #60a5fa;
  padding-left: 14px;
  margin: 44px 0 18px 0;
}
#apcs-recursion-wrapper h3 {
  font-size: 1.15em;
  font-weight: 700;
  color: #374151 !important;
  margin: 28px 0 10px 0;
}
#apcs-recursion-wrapper p {
  margin: 0 0 16px 0;
  font-size: 1em;
  color: #374151 !important;
}
#apcs-recursion-wrapper ul,
#apcs-recursion-wrapper ol {
  padding-left: 24px;
  margin: 0 0 16px 0;
  color: #374151 !important;
}
#apcs-recursion-wrapper li {
  margin-bottom: 6px;
  color: #374151 !important;
}
#apcs-recursion-wrapper strong {
  color: #111827 !important;
  font-weight: 700;
}
#apcs-recursion-wrapper a {
  color: #2563eb !important;
  text-decoration: underline;
}
#apcs-recursion-wrapper a:link,
#apcs-recursion-wrapper a:visited {
  color: #2563eb !important;
}
#apcs-recursion-wrapper a:hover {
  color: #1d4ed8 !important;
}

/* ---- Hero / Intro Box ---- */
#apcs-recursion-wrapper .rg-hero {
  background: linear-gradient(135deg, #1e3a8a 0%, #1e40af 60%, #2563eb 100%);
  border-radius: 14px;
  padding: 40px 36px 36px;
  margin-bottom: 36px;
  color: #ffffff !important;
}
#apcs-recursion-wrapper .rg-hero * {
  color: #ffffff !important;
}
#apcs-recursion-wrapper .rg-hero h1 {
  color: #ffffff !important;
  border-bottom-color: rgba(255,255,255,0.35);
  font-size: 1.9em;
}
#apcs-recursion-wrapper .rg-hero .rg-meta {
  font-size: 0.88em;
  opacity: 0.85;
  margin-top: 6px;
  margin-bottom: 16px;
}
#apcs-recursion-wrapper .rg-hero .rg-subtitle {
  font-size: 1.08em;
  opacity: 0.93;
  margin-bottom: 20px;
  line-height: 1.6;
}
#apcs-recursion-wrapper .rg-badge-row {
  display: flex;
  flex-wrap: wrap;
  gap: 10px;
  margin-top: 4px;
}
#apcs-recursion-wrapper .rg-badge {
  display: inline-block;
  background: rgba(255,255,255,0.18);
  border: 1px solid rgba(255,255,255,0.35);
  color: #ffffff !important;
  border-radius: 20px;
  padding: 5px 14px;
  font-size: 0.82em;
  font-weight: 600;
}

/* ---- Table of Contents ---- */
#apcs-recursion-wrapper .rg-toc {
  background: #eff6ff;
  border: 1px solid #bfdbfe;
  border-radius: 10px;
  padding: 24px 28px;
  margin-bottom: 36px;
}
#apcs-recursion-wrapper .rg-toc-title {
  font-weight: 700;
  font-size: 1em;
  color: #1e3a8a !important;
  margin-bottom: 12px;
  text-transform: uppercase;
  letter-spacing: 0.5px;
}
#apcs-recursion-wrapper .rg-toc ol {
  margin: 0;
  padding-left: 20px;
}
#apcs-recursion-wrapper .rg-toc li {
  margin-bottom: 4px;
  font-size: 0.95em;
}
#apcs-recursion-wrapper .rg-toc a {
  color: #2563eb !important;
}

/* ---- Callout Boxes ---- */
#apcs-recursion-wrapper .rg-callout {
  border-radius: 10px;
  padding: 18px 22px;
  margin: 20px 0;
}
#apcs-recursion-wrapper .rg-callout-title {
  font-weight: 700;
  font-size: 0.88em;
  text-transform: uppercase;
  letter-spacing: 0.5px;
  margin-bottom: 6px;
}
#apcs-recursion-wrapper .rg-callout.key-concept {
  background: #eff6ff;
  border-left: 5px solid #3b82f6;
}
#apcs-recursion-wrapper .rg-callout.key-concept .rg-callout-title { color: #1d4ed8 !important; }
#apcs-recursion-wrapper .rg-callout.key-concept p { color: #1e40af !important; }

#apcs-recursion-wrapper .rg-callout.warning {
  background: #fff7ed;
  border-left: 5px solid #f97316;
}
#apcs-recursion-wrapper .rg-callout.warning .rg-callout-title { color: #c2410c !important; }
#apcs-recursion-wrapper .rg-callout.warning p { color: #92400e !important; }

#apcs-recursion-wrapper .rg-callout.success {
  background: #f0fdf4;
  border-left: 5px solid #22c55e;
}
#apcs-recursion-wrapper .rg-callout.success .rg-callout-title { color: #15803d !important; }
#apcs-recursion-wrapper .rg-callout.success p { color: #166534 !important; }

#apcs-recursion-wrapper .rg-callout.exam-tip {
  background: #fdf4ff;
  border-left: 5px solid #a855f7;
}
#apcs-recursion-wrapper .rg-callout.exam-tip .rg-callout-title { color: #7e22ce !important; }
#apcs-recursion-wrapper .rg-callout.exam-tip p,
#apcs-recursion-wrapper .rg-callout.exam-tip li { color: #6b21a8 !important; }

#apcs-recursion-wrapper .rg-callout.predict-box {
  background: #fefce8;
  border-left: 5px solid #eab308;
  border-top: 1px solid #fde68a;
}
#apcs-recursion-wrapper .rg-callout.predict-box .rg-callout-title { color: #a16207 !important; }
#apcs-recursion-wrapper .rg-callout.predict-box p { color: #78350f !important; }

/* ---- Code Blocks ---- */
#apcs-recursion-wrapper .rg-code {
  background: #0f172a;
  border-radius: 10px;
  padding: 22px 24px;
  margin: 18px 0;
  overflow-x: auto;
}
#apcs-recursion-wrapper .rg-code pre {
  margin: 0;
  padding: 0;
  white-space: pre;
  font-family: Consolas, Monaco, 'Courier New', monospace;
  font-size: 13.5px;
  line-height: 1.65;
  color: #e2e8f0;
}
#apcs-recursion-wrapper .rg-code code {
  font-family: Consolas, Monaco, 'Courier New', monospace;
  color: #e2e8f0;
}
/* Syntax highlights */
#apcs-recursion-wrapper .kw  { color: #f472b6; }   /* keyword */
#apcs-recursion-wrapper .tp  { color: #67e8f9; }   /* type */
#apcs-recursion-wrapper .fn  { color: #93c5fd; }   /* function/method */
#apcs-recursion-wrapper .nm  { color: #fcd34d; }   /* number */
#apcs-recursion-wrapper .cm  { color: #64748b; font-style: italic; }  /* comment */
#apcs-recursion-wrapper .st  { color: #86efac; }   /* string */
#apcs-recursion-wrapper .err { color: #f87171; background: rgba(248,113,113,0.15); border-radius: 3px; padding: 0 2px; }  /* error highlight */

/* ---- Call Stack Trace ---- */
#apcs-recursion-wrapper .rg-trace {
  background: #1e293b;
  border-radius: 10px;
  padding: 22px 24px;
  margin: 18px 0;
  overflow-x: auto;
}
#apcs-recursion-wrapper .rg-trace pre {
  margin: 0;
  white-space: pre;
  font-family: Consolas, Monaco, 'Courier New', monospace;
  font-size: 13px;
  line-height: 1.75;
  color: #94a3b8;
}
#apcs-recursion-wrapper .rg-trace .t-call { color: #93c5fd; }
#apcs-recursion-wrapper .rg-trace .t-return { color: #86efac; }
#apcs-recursion-wrapper .rg-trace .t-base { color: #fcd34d; }
#apcs-recursion-wrapper .rg-trace .t-arrow { color: #64748b; }

/* ---- MCQ Question Cards ---- */
#apcs-recursion-wrapper .rg-mcq-section-header {
  background: #1e3a8a;
  color: #ffffff !important;
  border-radius: 12px 12px 0 0;
  padding: 20px 28px;
  font-size: 1.1em;
  font-weight: 700;
}
#apcs-recursion-wrapper .rg-mcq-section-header * { color: #ffffff !important; }
#apcs-recursion-wrapper .rg-mcq-container {
  border: 2px solid #1e3a8a;
  border-top: none;
  border-radius: 0 0 12px 12px;
  padding: 28px;
  margin-bottom: 32px;
  background: #ffffff;
}
#apcs-recursion-wrapper .rg-q-label {
  display: inline-block;
  background: #dbeafe;
  color: #1e3a8a !important;
  border-radius: 20px;
  font-size: 0.82em;
  font-weight: 700;
  padding: 4px 14px;
  margin-bottom: 14px;
  text-transform: uppercase;
  letter-spacing: 0.5px;
}
#apcs-recursion-wrapper .rg-q-text {
  font-size: 1.02em;
  font-weight: 600;
  color: #111827 !important;
  margin-bottom: 16px;
  line-height: 1.6;
}
#apcs-recursion-wrapper .rg-q-text .rg-highlight {
  background: #fef9c3;
  border-bottom: 2px solid #eab308;
  padding: 0 2px;
  font-style: normal;
}
#apcs-recursion-wrapper .rg-option {
  display: flex;
  align-items: flex-start;
  gap: 12px;
  background: #f8fafc;
  border: 2px solid #e2e8f0;
  border-radius: 8px;
  padding: 13px 16px;
  margin-bottom: 10px;
  cursor: pointer;
  transition: border-color 0.18s, background 0.18s;
}
#apcs-recursion-wrapper .rg-option:hover {
  border-color: #3b82f6;
  background: #eff6ff;
}
#apcs-recursion-wrapper .rg-option input[type=""radio""] {
  margin-top: 2px;
  flex-shrink: 0;
  cursor: pointer;
  accent-color: #2563eb;
}
#apcs-recursion-wrapper .rg-option-letter {
  font-weight: 700;
  color: #4b5563 !important;
  flex-shrink: 0;
  min-width: 22px;
}
#apcs-recursion-wrapper .rg-option-text {
  color: #374151 !important;
  font-size: 0.97em;
  line-height: 1.55;
}
#apcs-recursion-wrapper .rg-option.correct-answer {
  border-color: #22c55e;
  background: #f0fdf4;
}
#apcs-recursion-wrapper .rg-option.wrong-answer {
  border-color: #ef4444;
  background: #fef2f2;
}
#apcs-recursion-wrapper .rg-option.correct-answer .rg-option-letter { color: #15803d !important; }
#apcs-recursion-wrapper .rg-option.wrong-answer .rg-option-letter { color: #b91c1c !important; }

#apcs-recursion-wrapper .rg-submit-btn {
  display: inline-block;
  background: #2563eb !important;
  color: #ffffff !important;
  border: none;
  border-radius: 8px;
  padding: 11px 28px;
  font-size: 0.95em;
  font-weight: 700;
  cursor: pointer;
  margin-top: 8px;
  transition: background 0.18s;
  opacity: 1 !important;
  visibility: visible !important;
}
#apcs-recursion-wrapper .rg-submit-btn:hover {
  background: #1d4ed8 !important;
  color: #ffffff !important;
}
#apcs-recursion-wrapper .rg-submit-btn:link,
#apcs-recursion-wrapper .rg-submit-btn:visited {
  color: #ffffff !important;
}

/* Feedback box */
#apcs-recursion-wrapper .rg-feedback {
  display: none;
  border-radius: 10px;
  padding: 20px 22px;
  margin-top: 18px;
}
#apcs-recursion-wrapper .rg-feedback.correct {
  background: #f0fdf4;
  border: 1px solid #bbf7d0;
}
#apcs-recursion-wrapper .rg-feedback.incorrect {
  background: #fef2f2;
  border: 1px solid #fecaca;
}
#apcs-recursion-wrapper .rg-feedback-title {
  font-weight: 700;
  font-size: 1em;
  margin-bottom: 8px;
}
#apcs-recursion-wrapper .rg-feedback.correct .rg-feedback-title { color: #15803d !important; }
#apcs-recursion-wrapper .rg-feedback.incorrect .rg-feedback-title { color: #b91c1c !important; }
#apcs-recursion-wrapper .rg-feedback p,
#apcs-recursion-wrapper .rg-feedback li { font-size: 0.95em; color: #374151 !important; }
#apcs-recursion-wrapper .rg-feedback strong { color: #111827 !important; }

/* Why Not section */
#apcs-recursion-wrapper .rg-why-not {
  margin-top: 12px;
  padding-top: 12px;
  border-top: 1px solid #e5e7eb;
}
#apcs-recursion-wrapper .rg-why-not-title {
  font-weight: 700;
  font-size: 0.88em;
  text-transform: uppercase;
  letter-spacing: 0.4px;
  color: #6b7280 !important;
  margin-bottom: 6px;
}

/* ---- Mistake Grid ---- */
#apcs-recursion-wrapper .rg-mistake-grid {
  display: grid;
  grid-template-columns: 1fr 1fr;
  gap: 18px;
  margin: 20px 0;
}
@media (max-width: 600px) {
  #apcs-recursion-wrapper .rg-mistake-grid {
    grid-template-columns: 1fr;
  }
}
#apcs-recursion-wrapper .rg-mistake-card {
  border-radius: 10px;
  overflow: hidden;
  border: 1px solid #e5e7eb;
}
#apcs-recursion-wrapper .rg-mistake-header {
  background: #ef4444;
  color: #ffffff !important;
  padding: 10px 16px;
  font-weight: 700;
  font-size: 0.9em;
}
#apcs-recursion-wrapper .rg-mistake-body {
  padding: 14px 16px;
  background: #fff;
}
#apcs-recursion-wrapper .rg-mistake-body p { font-size: 0.9em; margin: 0 0 10px 0; }

/* ---- Cheat Sheet / Reference Table ---- */
#apcs-recursion-wrapper .rg-table-wrap {
  overflow-x: auto;
  margin: 20px 0;
}
#apcs-recursion-wrapper table.rg-table {
  width: 100%;
  border-collapse: collapse;
  font-size: 0.93em;
}
#apcs-recursion-wrapper table.rg-table th {
  background: #1e3a8a;
  color: #ffffff !important;
  padding: 11px 14px;
  text-align: left;
  font-weight: 700;
}
#apcs-recursion-wrapper table.rg-table td {
  padding: 10px 14px;
  border-bottom: 1px solid #e5e7eb;
  color: #374151 !important;
  vertical-align: top;
}
#apcs-recursion-wrapper table.rg-table tr:nth-child(even) td {
  background: #f8fafc;
}

/* ---- Nav Buttons ---- */
#apcs-recursion-wrapper .rg-nav {
  display: flex;
  gap: 14px;
  flex-wrap: wrap;
  margin-top: 40px;
  padding-top: 28px;
  border-top: 2px solid #e5e7eb;
}
#apcs-recursion-wrapper .rg-btn {
  display: inline-block;
  padding: 12px 24px;
  border-radius: 8px;
  font-weight: 700;
  font-size: 0.95em;
  text-decoration: none !important;
  transition: background 0.18s, color 0.18s;
  opacity: 1 !important;
  visibility: visible !important;
}
#apcs-recursion-wrapper .rg-btn:link,
#apcs-recursion-wrapper .rg-btn:visited {
  text-decoration: none !important;
}
#apcs-recursion-wrapper .rg-btn.primary {
  background: #2563eb !important;
  color: #ffffff !important;
}
#apcs-recursion-wrapper .rg-btn.primary:link,
#apcs-recursion-wrapper .rg-btn.primary:visited { color: #ffffff !important; }
#apcs-recursion-wrapper .rg-btn.primary:hover { background: #1d4ed8 !important; color: #ffffff !important; }

#apcs-recursion-wrapper .rg-btn.secondary {
  background: #f1f5f9 !important;
  color: #1e40af !important;
  border: 2px solid #bfdbfe;
}
#apcs-recursion-wrapper .rg-btn.secondary:link,
#apcs-recursion-wrapper .rg-btn.secondary:visited { color: #1e40af !important; }
#apcs-recursion-wrapper .rg-btn.secondary:hover { background: #dbeafe !important; color: #1e3a8a !important; }

/* ---- Tutor CTA ---- */
#apcs-recursion-wrapper .rg-cta {
  background: linear-gradient(135deg, #1e3a8a, #7c3aed);
  border-radius: 14px;
  padding: 36px;
  text-align: center;
  margin-top: 44px;
}
#apcs-recursion-wrapper .rg-cta * { color: #ffffff !important; }
#apcs-recursion-wrapper .rg-cta h3 { font-size: 1.4em; margin: 0 0 10px 0; border: none; padding: 0; color: #ffffff !important; }
#apcs-recursion-wrapper .rg-cta p { opacity: 0.92; margin: 0 0 22px 0; font-size: 1em; }
#apcs-recursion-wrapper .rg-cta-btn {
  display: inline-block;
  background: #ffffff !important;
  color: #1e3a8a !important;
  border-radius: 8px;
  padding: 13px 30px;
  font-weight: 800;
  font-size: 1em;
  text-decoration: none !important;
  opacity: 1 !important;
  visibility: visible !important;
  transition: opacity 0.18s;
}
#apcs-recursion-wrapper .rg-cta-btn:link,
#apcs-recursion-wrapper .rg-cta-btn:visited {
  color: #1e3a8a !important;
  text-decoration: none !important;
}
#apcs-recursion-wrapper .rg-cta-btn:hover {
  color: #1e3a8a !important;
  opacity: 0.92;
}
</style>

<div id=""apcs-recursion-wrapper"">

  <!-- HERO -->
  <div class=""rg-hero"">
    <div class=""rg-meta"">AP Computer Science A — 2025–2026 Curriculum — By Tanner Crow</div>
    <h1>AP CSA Recursion: The Complete Mastery Guide</h1>
    <p class=""rg-subtitle"">Recursion is the single most-failed topic on the AP Computer Science A exam. Students who master it jump an entire scoring tier. This guide breaks down every concept, traces every call stack step by step, and drills you with AP-level MCQs harder than what you will see in class.</p>
    <div class=""rg-badge-row"">
      <span class=""rg-badge"">AP CSA 2025–2026</span>
      <span class=""rg-badge"">Unit 2: Selection &amp; Iteration</span>
      <span class=""rg-badge"">5 Hard Practice MCQs</span>
      <span class=""rg-badge"">Spot-the-Error Format</span>
    </div>
  </div>

  <!-- TABLE OF CONTENTS -->
  <div class=""rg-toc"">
    <div class=""rg-toc-title"">Table of Contents</div>
    <ol>
      <li><a href=""#why-hard"">Why Recursion Is So Hard on the AP Exam</a></li>
      <li><a href=""#anatomy"">Anatomy of a Recursive Method</a></li>
      <li><a href=""#tracing"">Tracing the Call Stack Step by Step</a></li>
      <li><a href=""#patterns"">3 Recursion Patterns Tested Every Year</a></li>
      <li><a href=""#mistakes"">The 4 Fatal Mistakes Students Make</a></li>
      <li><a href=""#cheat-sheet"">Recursion Cheat Sheet</a></li>
      <li><a href=""#mcq"">5 Hard AP-Style MCQs (Answer &amp; Explain)</a></li>
      <li><a href=""#strategy"">Exam Strategy: Predict First, Slash the Trash</a></li>
    </ol>
  </div>

  <!-- SECTION 1 -->
  <h2 id=""why-hard"">Why Recursion Is So Hard on the AP Exam</h2>
  <p>Every year, AP CSA students who score 3s and 4s report the same thing: recursion questions destroyed them. It is not because recursion is complicated in theory. It is because the AP exam tests recursion in ways that deliberately exploit three cognitive traps.</p>
  <p><strong>Trap 1: Trusting your intuition instead of tracing.</strong> Students look at a recursive call and think they can picture the result in their head. They cannot. Recursion unfolds across multiple stack frames that all exist simultaneously, and human working memory is not built for that.</p>
  <p><strong>Trap 2: Confusing what the method does with how it does it.</strong> Recursive code looks circular. Your brain screams “infinite loop!” even when a solid base case prevents that. Overcoming that instinct requires systematic practice.</p>
  <p><strong>Trap 3: Missing the subtle bug.</strong> AP test writers are skilled at inserting a single off-by-one error, a wrong comparison operator, or a misplaced return statement that changes everything. If you do not trace line by line, you will not catch it.</p>

  <div class=""rg-callout exam-tip"">
    <div class=""rg-callout-title"">AP Exam Reality Check</div>
    <p>The AP CSA exam typically includes 2–4 recursion MCQs and may include a recursion component in the FRQ section. In recent released exams, recursion questions have one of the highest wrong-answer rates of any topic. Every recursion question you master is worth real points.</p>
  </div>

  <!-- SECTION 2 -->
  <h2 id=""anatomy"">Anatomy of a Recursive Method</h2>
  <p>A recursive method is simply a method that calls itself. But two parts must be present or the code fails — either producing a wrong answer or crashing with a <code>StackOverflowError</code>.</p>

  <div class=""rg-callout key-concept"">
    <div class=""rg-callout-title"">Key Concept: The Two Required Parts</div>
    <p><strong>Base Case:</strong> The condition that stops the recursion. When this is reached, the method returns a value directly without making another recursive call.<br><br>
    <strong>Recursive Case:</strong> The part where the method calls itself with a smaller or simpler version of the problem, moving toward the base case.</p>
  </div>

  <p>Study this classic example before looking at the harder patterns:</p>

  <div class=""rg-code""><pre><span class=""cm"">// Returns n! (n factorial)</span>
<span class=""kw"">public static</span> <span class=""tp"">int</span> <span class=""fn"">factorial</span>(<span class=""tp"">int</span> n) {
    <span class=""cm"">// BASE CASE: stopping condition</span>
    <span class=""kw"">if</span> (n == <span class=""nm"">0</span>) {
        <span class=""kw"">return</span> <span class=""nm"">1</span>;
    }
    <span class=""cm"">// RECURSIVE CASE: call with smaller argument</span>
    <span class=""kw"">return</span> n * <span class=""fn"">factorial</span>(n - <span class=""nm"">1</span>);
}</pre></div>

  <p>Notice three things: (1) the base case returns a concrete value, (2) the recursive call uses <code>n - 1</code> which moves toward the base case, and (3) the return value of the recursive call is used in a calculation. AP questions frequently corrupt one of these three properties.</p>

  <!-- SECTION 3 -->
  <h2 id=""tracing"">Tracing the Call Stack Step by Step</h2>
  <p>The single most effective recursion skill is the ability to trace the call stack on paper. Here is the systematic process:</p>
  <ol>
    <li>Write the initial call at the top.</li>
    <li>Each time a recursive call is made, write the new call indented below the current one and <strong>pause</strong> execution of the current call.</li>
    <li>When a base case is reached, write the return value next to it.</li>
    <li>Work <strong>back up</strong> the stack, substituting each return value into the caller’s expression.</li>
  </ol>

  <p>Let us trace <code>factorial(4)</code> completely:</p>

  <div class=""rg-trace""><pre><span class=""t-call"">factorial(4)</span>  <span class=""t-arrow"">→ needs factorial(3)</span>
  <span class=""t-call"">factorial(3)</span>  <span class=""t-arrow"">→ needs factorial(2)</span>
    <span class=""t-call"">factorial(2)</span>  <span class=""t-arrow"">→ needs factorial(1)</span>
      <span class=""t-call"">factorial(1)</span>  <span class=""t-arrow"">→ needs factorial(0)</span>
        <span class=""t-base"">factorial(0)</span>  <span class=""t-arrow"">→ BASE CASE: return 1</span>
      <span class=""t-return"">factorial(1)</span>  <span class=""t-arrow"">→ return 1 * 1 = 1</span>
    <span class=""t-return"">factorial(2)</span>  <span class=""t-arrow"">→ return 2 * 1 = 2</span>
  <span class=""t-return"">factorial(3)</span>  <span class=""t-arrow"">→ return 3 * 2 = 6</span>
<span class=""t-return"">factorial(4)</span>  <span class=""t-arrow"">→ return 4 * 6 = 24</span></pre></div>

  <div class=""rg-callout warning"">
    <div class=""rg-callout-title"">Common Mistake: Reading the Return Wrong</div>
    <p>Many students incorrectly stop at the base case and report the answer as 1. The base case is <em>not</em> the final answer for most recursive calls — it is just the starting point for the return journey back up the stack. Every caller above the base case still has work to do.</p>
  </div>

  <!-- SECTION 4 -->
  <h2 id=""patterns"">3 Recursion Patterns Tested Every Year</h2>

  <h3>Pattern 1: String Recursion</h3>
  <p>The AP exam loves recursive String processing. The key operations are <code>substring()</code>, <code>charAt()</code>, and <code>length()</code>. The method peels off one character at a time, moving toward an empty string base case.</p>

  <div class=""rg-code""><pre><span class=""kw"">public static</span> <span class=""tp"">String</span> <span class=""fn"">reverse</span>(<span class=""tp"">String</span> s) {
    <span class=""kw"">if</span> (s.<span class=""fn"">length</span>() == <span class=""nm"">0</span>) {
        <span class=""kw"">return</span> <span class=""st"">""""</span>;
    }
    <span class=""kw"">return</span> <span class=""fn"">reverse</span>(s.<span class=""fn"">substring</span>(<span class=""nm"">1</span>)) + s.<span class=""fn"">charAt</span>(<span class=""nm"">0</span>);
}</pre></div>

  <p>Trace <code>reverse(""abc"")</code> mentally: the first character is placed <em>after</em> the reversed remainder. So <code>reverse(""bc"") + 'a'</code>, which becomes <code>reverse(""c"") + 'b' + 'a'</code>, which becomes <code>""c"" + 'b' + 'a' = ""cba""</code>.</p>

  <h3>Pattern 2: Integer Digit Recursion</h3>
  <p>These questions strip digits using division and modulo. The base case is typically <code>n &lt; 10</code> or <code>n == 0</code>.</p>

  <div class=""rg-code""><pre><span class=""kw"">public static</span> <span class=""tp"">int</span> <span class=""fn"">sumDigits</span>(<span class=""tp"">int</span> n) {
    <span class=""kw"">if</span> (n &lt; <span class=""nm"">10</span>) {
        <span class=""kw"">return</span> n;
    }
    <span class=""kw"">return</span> (n % <span class=""nm"">10</span>) + <span class=""fn"">sumDigits</span>(n / <span class=""nm"">10</span>);
}</pre></div>

  <p>For <code>sumDigits(274)</code>: <code>4 + sumDigits(27)</code> → <code>4 + 7 + sumDigits(2)</code> → <code>4 + 7 + 2 = 13</code>.</p>

  <h3>Pattern 3: Array/ArrayList Recursion</h3>
  <p>These appear less often but show up on harder exams. A helper method with an index parameter is common. Watch for the index moving in the wrong direction.</p>

  <div class=""rg-code""><pre><span class=""kw"">public static</span> <span class=""tp"">int</span> <span class=""fn"">arraySum</span>(<span class=""tp"">int</span>[] arr, <span class=""tp"">int</span> index) {
    <span class=""kw"">if</span> (index == arr.length) {
        <span class=""kw"">return</span> <span class=""nm"">0</span>;
    }
    <span class=""kw"">return</span> arr[index] + <span class=""fn"">arraySum</span>(arr, index + <span class=""nm"">1</span>);
}</pre></div>

  <!-- SECTION 5 -->
  <h2 id=""mistakes"">The 4 Fatal Mistakes Students Make</h2>

  <div class=""rg-mistake-grid"">
    <div class=""rg-mistake-card"">
      <div class=""rg-mistake-header"">Mistake 1: Missing Base Case</div>
      <div class=""rg-mistake-body"">
        <div class=""rg-code"" style=""margin:8px 0;padding:14px 16px;""><pre><span class=""kw"">public static</span> <span class=""tp"">int</span> <span class=""fn"">bad</span>(<span class=""tp"">int</span> n) {
    <span class=""cm"">// No base case!</span>
    <span class=""kw"">return</span> n * <span class=""fn"">bad</span>(n - <span class=""nm"">1</span>);
}</pre></div>
        <p>Results in a <strong>StackOverflowError</strong>. The stack grows indefinitely. AP questions test whether you can identify this.</p>
      </div>
    </div>
    <div class=""rg-mistake-card"">
      <div class=""rg-mistake-header"">Mistake 2: Base Case Never Reached</div>
      <div class=""rg-mistake-body"">
        <div class=""rg-code"" style=""margin:8px 0;padding:14px 16px;""><pre><span class=""kw"">public static</span> <span class=""tp"">int</span> <span class=""fn"">bad</span>(<span class=""tp"">int</span> n) {
    <span class=""kw"">if</span> (n == <span class=""nm"">0</span>) <span class=""kw"">return</span> <span class=""nm"">1</span>;
    <span class=""cm"">// Wrong direction!</span>
    <span class=""kw"">return</span> n * <span class=""fn"">bad</span>(n + <span class=""nm"">1</span>);
}</pre></div>
        <p>The base case exists but <code>n</code> grows instead of shrinking. Also results in a <strong>StackOverflowError</strong>.</p>
      </div>
    </div>
    <div class=""rg-mistake-card"">
      <div class=""rg-mistake-header"">Mistake 3: Off-By-One in Base Case</div>
      <div class=""rg-mistake-body"">
        <div class=""rg-code"" style=""margin:8px 0;padding:14px 16px;""><pre><span class=""kw"">public static</span> <span class=""tp"">int</span> <span class=""fn"">bad</span>(<span class=""tp"">int</span> n) {
    <span class=""cm"">// Should be n == 0, not n == 1</span>
    <span class=""kw"">if</span> (n == <span class=""nm"">1</span>) <span class=""kw"">return</span> <span class=""nm"">1</span>;
    <span class=""kw"">return</span> n * <span class=""fn"">bad</span>(n - <span class=""nm"">1</span>);
}</pre></div>
        <p>Works for positive <code>n</code> but throws a StackOverflowError for <code>n = 0</code>. Questions like “which call causes an error” target this exactly.</p>
      </div>
    </div>
    <div class=""rg-mistake-card"">
      <div class=""rg-mistake-header"">Mistake 4: Discarding the Return Value</div>
      <div class=""rg-mistake-body"">
        <div class=""rg-code"" style=""margin:8px 0;padding:14px 16px;""><pre><span class=""kw"">public static</span> <span class=""tp"">int</span> <span class=""fn"">bad</span>(<span class=""tp"">int</span> n) {
    <span class=""kw"">if</span> (n == <span class=""nm"">0</span>) <span class=""kw"">return</span> <span class=""nm"">1</span>;
    <span class=""cm"">// Return value ignored!</span>
    <span class=""fn"">bad</span>(n - <span class=""nm"">1</span>);
    <span class=""kw"">return</span> n;
}</pre></div>
        <p>The method compiles and runs without crashing, but returns wrong results. This is the sneakiest error and the most common AP distractor.</p>
      </div>
    </div>
  </div>

  <!-- SECTION 6 -->
  <h2 id=""cheat-sheet"">Recursion Cheat Sheet</h2>

  <div class=""rg-table-wrap"">
    <table class=""rg-table"">
      <thead>
        <tr>
          <th>What to Check</th>
          <th>Correct Pattern</th>
          <th>What Goes Wrong If Missing</th>
        </tr>
      </thead>
      <tbody>
        <tr>
          <td><strong>Base case exists</strong></td>
          <td><code>if (n == 0) return 1;</code></td>
          <td>StackOverflowError (infinite recursion)</td>
        </tr>
        <tr>
          <td><strong>Moving toward base case</strong></td>
          <td>Each call uses <code>n - 1</code>, shorter string, or higher index</td>
          <td>StackOverflowError (base case never reached)</td>
        </tr>
        <tr>
          <td><strong>Return value used</strong></td>
          <td><code>return n * factorial(n-1);</code></td>
          <td>Compiles, no error, but returns wrong answer</td>
        </tr>
        <tr>
          <td><strong>Base case value is correct</strong></td>
          <td>Identity element for the operation (0 for sum, 1 for product, """" for concat)</td>
          <td>Off-by-one or wrong final answer</td>
        </tr>
        <tr>
          <td><strong>Base case condition is correct</strong></td>
          <td>
<code>==</code> vs <code>&lt;=</code> vs <code>.length() == 0</code>
</td>
          <td>Skips base case, causes error for edge inputs</td>
        </tr>
      </tbody>
    </table>
  </div>

  <!-- SECTION 7: MCQs -->
  <h2 id=""mcq"">5 Hard AP-Style Practice MCQs</h2>

  <div class=""rg-callout predict-box"">
    <div class=""rg-callout-title"">Predict First — Then Look at the Options</div>
    <p>Before reading any answer choice, trace the code on paper and predict the result or identify the error. Research shows students who predict first score significantly higher because they are not swayed by convincing-looking wrong answers. Treat the answer choices as a confirmation, not a discovery.</p>
  </div>

  <!-- Q1 -->
  <div class=""rg-mcq-section-header"">Question 1 of 5 — Spot the Error</div>
  <div class=""rg-mcq-container"" id=""q1-container"">
    <div class=""rg-q-label"">Error Identification • Difficulty: Hard</div>
    <p class=""rg-q-text"">Consider the following method intended to count the number of times the digit 7 appears in a positive integer <code>n</code>.</p>
    <div class=""rg-code""><pre><span class=""kw"">public static</span> <span class=""tp"">int</span> <span class=""fn"">countSevens</span>(<span class=""tp"">int</span> n) {
    <span class=""kw"">if</span> (n == <span class=""nm"">0</span>) {
        <span class=""kw"">return</span> <span class=""nm"">0</span>;
    }
    <span class=""kw"">if</span> (n % <span class=""nm"">10</span> == <span class=""nm"">7</span>) {
        <span class=""fn"">countSevens</span>(n / <span class=""nm"">10</span>);   <span class=""cm"">// Line A</span>
        <span class=""kw"">return</span> <span class=""nm"">1</span>;
    }
    <span class=""kw"">return</span> <span class=""fn"">countSevens</span>(n / <span class=""nm"">10</span>);  <span class=""cm"">// Line B</span>
}</pre></div>
    <p class=""rg-q-text"">Which of the following correctly describes the <span class=""rg-highlight"">error</span> in the method above?</p>
    <div class=""rg-answer-options"" id=""q1-options"">
      <label class=""rg-option"" id=""q1-a"">
        <input type=""radio"" name=""q1"" value=""A"">
        <span class=""rg-option-letter"">A</span>
        <span class=""rg-option-text"">The base case returns 0 instead of 1, so all counts are off by one.</span>
      </label>
      <label class=""rg-option"" id=""q1-b"">
        <input type=""radio"" name=""q1"" value=""B"">
        <span class=""rg-option-letter"">B</span>
        <span class=""rg-option-text"">Line A makes a recursive call but discards its return value, so once the method finds a 7 it returns 1, and any other 7 further left is never counted.</span>
      </label>
      <label class=""rg-option"" id=""q1-c"">
        <input type=""radio"" name=""q1"" value=""C"">
        <span class=""rg-option-letter"">C</span>
        <span class=""rg-option-text"">The method throws a StackOverflowError because the base case condition <code>n == 0</code> can never be reached.</span>
      </label>
      <label class=""rg-option"" id=""q1-d"">
        <input type=""radio"" name=""q1"" value=""D"">
        <span class=""rg-option-letter"">D</span>
        <span class=""rg-option-text"">Line B should use <code>n % 10</code> instead of <code>n / 10</code> to correctly strip digits.</span>
      </label>
    </div>
    <button class=""rg-submit-btn"" onclick=""checkAnswer('q1','B')"">Check My Answer</button>
    <div class=""rg-feedback"" id=""q1-feedback"">
      <div class=""rg-feedback-title"" id=""q1-feedback-title""></div>
      <p><strong>Why B is correct:</strong> On Line A, <code>countSevens(n / 10)</code> is called but its return value is thrown away. The method then always <code>return 1</code> for any digit that is a 7, completely ignoring how many 7s exist in the remaining digits. For example, <code>countSevens(77)</code> returns 1 instead of the correct 2, because the count from the second 7 is discarded.</p>
      <div class=""rg-why-not"">
        <div class=""rg-why-not-title"">Why Not the Others</div>
        <p><strong>A:</strong> The base case value of 0 is correct — when no digits remain, 0 sevens have been found. <strong>C:</strong> The base case <em>can</em> be reached because dividing by 10 repeatedly eventually produces 0. <strong>D:</strong> Line B correctly uses <code>n / 10</code> to move to the next digit.</p>
      </div>
    </div>
  </div>

  <!-- Q2 -->
  <div class=""rg-mcq-section-header"">Question 2 of 5 — I, II, and III Format</div>
  <div class=""rg-mcq-container"" id=""q2-container"">
    <div class=""rg-q-label"">Multiple Statement Analysis • Difficulty: Hard</div>
    <p class=""rg-q-text"">Consider the following recursive method.</p>
    <div class=""rg-code""><pre><span class=""kw"">public static</span> <span class=""tp"">String</span> <span class=""fn"">mystery</span>(<span class=""tp"">String</span> s, <span class=""tp"">int</span> k) {
    <span class=""kw"">if</span> (s.<span class=""fn"">length</span>() &lt;= k) {
        <span class=""kw"">return</span> """";
    }
    <span class=""kw"">return</span> s.<span class=""fn"">charAt</span>(k) + <span class=""fn"">mystery</span>(s, k + <span class=""nm"">1</span>);
}</pre></div>
    <p class=""rg-q-text"">Which of the following statements are <span class=""rg-highlight"">true</span>?</p>
    <p style=""margin:0 0 8px 0; color:#374151;""><strong>I.</strong>  The call <code>mystery(""hello"", 0)</code> returns <code>""hello""</code>.<br>
    <strong>II.</strong>  The call <code>mystery(""hello"", 2)</code> returns <code>""llo""</code>.<br>
    <strong>III.</strong>  The call <code>mystery(""hello"", 5)</code> throws a <code>StackOverflowError</code>.</p>
    <div class=""rg-answer-options"" id=""q2-options"">
      <label class=""rg-option"" id=""q2-a"">
        <input type=""radio"" name=""q2"" value=""A"">
        <span class=""rg-option-letter"">A</span>
        <span class=""rg-option-text"">I only</span>
      </label>
      <label class=""rg-option"" id=""q2-b"">
        <input type=""radio"" name=""q2"" value=""B"">
        <span class=""rg-option-letter"">B</span>
        <span class=""rg-option-text"">II only</span>
      </label>
      <label class=""rg-option"" id=""q2-c"">
        <input type=""radio"" name=""q2"" value=""C"">
        <span class=""rg-option-letter"">C</span>
        <span class=""rg-option-text"">I and II only</span>
      </label>
      <label class=""rg-option"" id=""q2-d"">
        <input type=""radio"" name=""q2"" value=""D"">
        <span class=""rg-option-letter"">D</span>
        <span class=""rg-option-text"">I, II, and III</span>
      </label>
    </div>
    <button class=""rg-submit-btn"" onclick=""checkAnswer('q2','C')"">Check My Answer</button>
    <div class=""rg-feedback"" id=""q2-feedback"">
      <div class=""rg-feedback-title"" id=""q2-feedback-title""></div>
      <p><strong>Why C is correct:</strong> The method appends characters starting at index <code>k</code> until the end of the string. It is effectively <code>s.substring(k)</code>.</p>
      <p><strong>Statement I:</strong> <code>mystery(""hello"", 0)</code> appends every character starting at index 0, returning <code>""hello""</code>. TRUE.</p>
      <p><strong>Statement II:</strong> <code>mystery(""hello"", 2)</code> starts at index 2 ('l'), returning <code>""llo""</code>. TRUE.</p>
      <p><strong>Statement III:</strong> <code>mystery(""hello"", 5)</code> immediately satisfies the base case <code>s.length() &lt;= k</code> (5 &lt;= 5), so it returns <code>""""</code>, the empty string, directly. No overflow occurs. FALSE.</p>
      <div class=""rg-why-not"">
        <div class=""rg-why-not-title"">Why Not the Others</div>
        <p><strong>A &amp; B:</strong> Both I and II are true, so neither-only answers are wrong. <strong>D:</strong> III is false — the base case handles <code>k == 5</code> correctly because the condition uses &lt;=, not &lt;.</p>
      </div>
    </div>
  </div>

  <!-- Q3 -->
  <div class=""rg-mcq-section-header"">Question 3 of 5 — Trace the Output</div>
  <div class=""rg-mcq-container"" id=""q3-container"">
    <div class=""rg-q-label"">Call Stack Tracing • Difficulty: Hard</div>
    <p class=""rg-q-text"">Consider the following method.</p>
    <div class=""rg-code""><pre><span class=""kw"">public static</span> <span class=""tp"">int</span> <span class=""fn"">compute</span>(<span class=""tp"">int</span> a, <span class=""tp"">int</span> b) {
    <span class=""kw"">if</span> (a &lt;= <span class=""nm"">0</span>) {
        <span class=""kw"">return</span> b;
    }
    <span class=""kw"">return</span> <span class=""fn"">compute</span>(a - <span class=""nm"">2</span>, b + <span class=""nm"">3</span>) + <span class=""nm"">1</span>;
}</pre></div>
    <p class=""rg-q-text"">What is the value returned by the call <code>compute(5, 0)</code>?</p>
    <div class=""rg-answer-options"" id=""q3-options"">
      <label class=""rg-option"" id=""q3-a"">
        <input type=""radio"" name=""q3"" value=""A"">
        <span class=""rg-option-letter"">A</span>
        <span class=""rg-option-text"">9</span>
      </label>
      <label class=""rg-option"" id=""q3-b"">
        <input type=""radio"" name=""q3"" value=""B"">
        <span class=""rg-option-letter"">B</span>
        <span class=""rg-option-text"">11</span>
      </label>
      <label class=""rg-option"" id=""q3-c"">
        <input type=""radio"" name=""q3"" value=""C"">
        <span class=""rg-option-letter"">C</span>
        <span class=""rg-option-text"">12</span>
      </label>
      <label class=""rg-option"" id=""q3-d"">
        <input type=""radio"" name=""q3"" value=""D"">
        <span class=""rg-option-letter"">D</span>
        <span class=""rg-option-text"">15</span>
      </label>
    </div>
    <button class=""rg-submit-btn"" onclick=""checkAnswer('q3','C')"">Check My Answer</button>
    <div class=""rg-feedback"" id=""q3-feedback"">
      <div class=""rg-feedback-title"" id=""q3-feedback-title""></div>
      <p><strong>Why C (12) is correct:</strong> Trace the call stack carefully:</p>
      <div class=""rg-trace""><pre><span class=""t-call"">compute(5, 0)</span>  <span class=""t-arrow"">→ compute(3, 3) + 1</span>
  <span class=""t-call"">compute(3, 3)</span>  <span class=""t-arrow"">→ compute(1, 6) + 1</span>
    <span class=""t-call"">compute(1, 6)</span>  <span class=""t-arrow"">→ compute(-1, 9) + 1</span>
      <span class=""t-base"">compute(-1, 9)</span> <span class=""t-arrow"">→ BASE CASE (a &lt;= 0): return 9</span>
    <span class=""t-return"">compute(1, 6)</span>  <span class=""t-arrow"">→ 9 + 1 = 10</span>
  <span class=""t-return"">compute(3, 3)</span>  <span class=""t-arrow"">→ 10 + 1 = 11</span>
<span class=""t-return"">compute(5, 0)</span>  <span class=""t-arrow"">→ 11 + 1 = 12</span></pre></div>
      <p>Count the calls: <code>a</code> goes 5, 3, 1, -1, so there are three recursive calls before the base case, and by then <code>b</code> is 9. Each of the three adds 1 on the way back, so the result is 9 + 3 = 12.</p>
      <div class=""rg-why-not"">
        <div class=""rg-why-not-title"">Why Not the Others</div>
        <p><strong>A (9):</strong> This is just the base-case return value of <code>b</code>, ignoring the +1 accumulations on the way back. <strong>B (11):</strong> Stops one unwinding step early — a common error when students count 2 instead of 3 recursive calls. <strong>D (15):</strong> Adds b increments instead of the post-return +1s.</p>
      </div>
    </div>
  </div>

  <!-- Q4 -->
  <div class=""rg-mcq-section-header"">Question 4 of 5 — Spot the Error (String)</div>
  <div class=""rg-mcq-container"" id=""q4-container"">
    <div class=""rg-q-label"">Error Identification • Difficulty: Hard</div>
    <p class=""rg-q-text"">A student writes the following method intended to check whether a String is a palindrome (reads the same forwards and backwards).</p>
    <div class=""rg-code""><pre><span class=""kw"">public static boolean</span> <span class=""fn"">isPalindrome</span>(<span class=""tp"">String</span> s) {
    <span class=""kw"">if</span> (s.<span class=""fn"">length</span>() &lt;= <span class=""nm"">1</span>) {
        <span class=""kw"">return</span> <span class=""kw"">true</span>;
    }
    <span class=""kw"">if</span> (s.<span class=""fn"">charAt</span>(<span class=""nm"">0</span>) != s.<span class=""fn"">charAt</span>(s.<span class=""fn"">length</span>() - <span class=""nm"">1</span>)) {
        <span class=""kw"">return</span> <span class=""kw"">false</span>;
    }
    <span class=""kw"">return</span> <span class=""fn"">isPalindrome</span>(s.<span class=""fn"">substring</span>(<span class=""nm"">0</span>, s.<span class=""fn"">length</span>() - <span class=""nm"">1</span>));  <span class=""cm"">// Line X</span>
}</pre></div>
    <p class=""rg-q-text"">Which of the following best describes the <span class=""rg-highlight"">error</span> in this method?</p>
    <div class=""rg-answer-options"" id=""q4-options"">
      <label class=""rg-option"" id=""q4-a"">
        <input type=""radio"" name=""q4"" value=""A"">
        <span class=""rg-option-letter"">A</span>
        <span class=""rg-option-text"">The base case should check <code>s.length() == 0</code> instead of <code>s.length() &lt;= 1</code>.</span>
      </label>
      <label class=""rg-option"" id=""q4-b"">
        <input type=""radio"" name=""q4"" value=""B"">
        <span class=""rg-option-letter"">B</span>
        <span class=""rg-option-text"">Line X removes only the last character, so the first character is never removed, causing an infinite recursion for strings of length 2 or more.</span>
      </label>
      <label class=""rg-option"" id=""q4-c"">
        <input type=""radio"" name=""q4"" value=""C"">
        <span class=""rg-option-letter"">C</span>
        <span class=""rg-option-text"">The method compares the first and last characters correctly but then recursively checks a substring that still includes the first character, so it returns false for some palindromes, such as ""abba"".</span>
      </label>
      <label class=""rg-option"" id=""q4-d"">
        <input type=""radio"" name=""q4"" value=""D"">
        <span class=""rg-option-letter"">D</span>
        <span class=""rg-option-text"">The method always returns <code>true</code> because the recursive case never reaches the second <code>if</code> statement.</span>
      </label>
    </div>
    <button class=""rg-submit-btn"" onclick=""checkAnswer('q4','C')"">Check My Answer</button>
    <div class=""rg-feedback"" id=""q4-feedback"">
      <div class=""rg-feedback-title"" id=""q4-feedback-title""></div>
      <p><strong>Why C is correct:</strong> Line X calls <code>isPalindrome(s.substring(0, s.length() - 1))</code>, which removes only the <em>last</em> character. After confirming the first and last characters match, a correct palindrome check should remove <em>both</em> the first and last characters: <code>s.substring(1, s.length() - 1)</code>. Because the first character is never removed, the string shrinks by only one character per call. The recursion does terminate, but it checks the wrong thing. Take <code>""abba""</code>: the first and last characters match, so the method checks <code>""abb""</code>, where 'a' and 'b' differ, and it returns false for a palindrome. It only ever returns true when every character equals the first one, so it never accepts a non-palindrome; what it gets wrong is palindromes like <code>""abba""</code> and <code>""aba""</code>. The recursive call should be on <code>s.substring(1, s.length() - 1)</code>, which for <code>""abba""</code> is <code>""bb""</code>.</p>
      <div class=""rg-why-not"">
        <div class=""rg-why-not-title"">Why Not the Others</div>
        <p><strong>A:</strong> The base case <code>&lt;= 1</code> is correct for palindromes — both empty strings and single characters are palindromes. <strong>B:</strong> The recursion does terminate; it is not infinite, just incorrect. <strong>D:</strong> The method does reach the second <code>if</code> statement for non-palindromes.</p>
      </div>
    </div>
  </div>

  <!-- Q5 -->
  <div class=""rg-mcq-section-header"">Question 5 of 5 — I, II, and III (Behavior Analysis)</div>
  <div class=""rg-mcq-container"" id=""q5-container"">
    <div class=""rg-q-label"">Multiple Statement Analysis • Difficulty: Hard</div>
    <p class=""rg-q-text"">Consider the following two methods.</p>
    <div class=""rg-code""><pre><span class=""kw"">public static int</span> <span class=""fn"">alpha</span>(<span class=""tp"">int</span> n) {
    <span class=""kw"">if</span> (n &lt;= <span class=""nm"">1</span>) <span class=""kw"">return</span> n;
    <span class=""kw"">return</span> <span class=""fn"">alpha</span>(n - <span class=""nm"">1</span>) + <span class=""fn"">alpha</span>(n - <span class=""nm"">2</span>);
}

<span class=""kw"">public static int</span> <span class=""fn"">beta</span>(<span class=""tp"">int</span> n) {
    <span class=""kw"">if</span> (n &lt;= <span class=""nm"">1</span>) <span class=""kw"">return</span> n;
    <span class=""kw"">return</span> <span class=""fn"">alpha</span>(n - <span class=""nm"">1</span>) + <span class=""fn"">beta</span>(n - <span class=""nm"">2</span>);
}</pre></div>
    <p class=""rg-q-text"">Which of the following statements are <span class=""rg-highlight"">true</span>?</p>
    <p style=""margin:0 0 8px 0; color:#374151;""><strong>I.</strong>  <code>alpha(5)</code> and <code>beta(5)</code> return the same value.<br>
    <strong>II.</strong>  <code>alpha(n)</code> computes the <em>n</em>-th Fibonacci number for all non-negative <em>n</em>.<br>
    <strong>III.</strong>  <code>beta(4)</code> returns a different value than <code>alpha(4)</code>.</p>
    <div class=""rg-answer-options"" id=""q5-options"">
      <label class=""rg-option"" id=""q5-a"">
        <input type=""radio"" name=""q5"" value=""A"">
        <span class=""rg-option-letter"">A</span>
        <span class=""rg-option-text"">II only</span>
      </label>
      <label class=""rg-option"" id=""q5-b"">
        <input type=""radio"" name=""q5"" value=""B"">
        <span class=""rg-option-letter"">B</span>
        <span class=""rg-option-text"">I and II only</span>
      </label>
      <label class=""rg-option"" id=""q5-c"">
        <input type=""radio"" name=""q5"" value=""C"">
        <span class=""rg-option-letter"">C</span>
        <span class=""rg-option-text"">II and III only</span>
      </label>
      <label class=""rg-option"" id=""q5-d"">
        <input type=""radio"" name=""q5"" value=""D"">
        <span class=""rg-option-letter"">D</span>
        <span class=""rg-option-text"">I, II, and III</span>
      </label>
    </div>
    <button class=""rg-submit-btn"" onclick=""checkAnswer('q5','B')"">Check My Answer</button>
    <div class=""rg-feedback"" id=""q5-feedback"">
      <div class=""rg-feedback-title"" id=""q5-feedback-title""></div>
      <p><strong>Why B is correct:</strong></p>
      <p><strong>Statement I — TRUE:</strong> Both methods produce the same result. <code>beta</code> differs only in using <code>alpha(n-1)</code> instead of <code>beta(n-1)</code>, but since <code>alpha</code> correctly computes Fibonacci numbers, and <code>beta(n-2)</code> also correctly computes them by the same logic recursively, the values are equal. Trace: <code>alpha(5) = 5</code>. <code>beta(5) = alpha(4) + beta(3) = 3 + (alpha(2) + beta(1)) = 3 + (1 + 1) = 5</code>. Equal.</p>
      <p><strong>Statement II — TRUE:</strong> <code>alpha</code> is the classic recursive Fibonacci implementation. <code>alpha(0)=0</code>, <code>alpha(1)=1</code>, <code>alpha(2)=1</code>, <code>alpha(3)=2</code>, <code>alpha(4)=3</code>, <code>alpha(5)=5</code>. These are correct Fibonacci numbers.</p>
      <p><strong>Statement III — FALSE:</strong> As shown above, <code>beta(4) = alpha(3) + beta(2) = 2 + (alpha(1) + beta(0)) = 2 + (1 + 0) = 3 = alpha(4)</code>. They are equal.</p>
      <div class=""rg-why-not"">
        <div class=""rg-why-not-title"">Why Not the Others</div>
        <p><strong>A:</strong> Statement I is also true, not just II. <strong>C &amp; D:</strong> Statement III is false because beta and alpha produce identical results for all non-negative n.</p>
      </div>
    </div>
  </div>

  <!-- SECTION 8 -->
  <h2 id=""strategy"">Exam Strategy: Predict First, Slash the Trash</h2>

  <div class=""rg-callout exam-tip"">
    <div class=""rg-callout-title"">The 4-Step Recursion MCQ Method</div>
    <ul>
      <li>
<strong>Step 1 — Predict First:</strong> Before reading any answer choice, trace the code on paper. Write out each call and return value. Commit to an answer.</li>
      <li>
<strong>Step 2 — Slash the Trash:</strong> Eliminate answers that are obviously wrong — a base-case-only value, the input itself unchanged, or a completely unrelated number. Usually at least one option is easily eliminated.</li>
      <li>
<strong>Step 3 — Use Key Words:</strong> If the question says “<em>always</em>”, test an edge case. If it says “<em>never</em>”, try to find a counterexample. If the stem highlights a specific line, that is the line with the bug.</li>
      <li>
<strong>Step 4 — Check I/II/III Last:</strong> For Roman numeral questions, evaluate each statement independently. Never let a wrong statement make you doubt a correct one.</li>
    </ul>
  </div>

  <h3>Time Management</h3>
  <p>On the AP MCQ section you have roughly 1 minute 40 seconds per question. Recursion questions typically take 3–4 minutes to trace properly. The tradeoff: students who rush recursion and guess wrong lose 1 point. Students who trace carefully and answer correctly gain 1 point. That swing is worth the extra 90 seconds.</p>

  <div class=""rg-callout success"">
    <div class=""rg-callout-title"">What Students Who Score 5s Do Differently</div>
    <p>They never try to simulate recursion mentally. They always write it out. They use a consistent indentation system. They circle the base case before tracing anything. And they always check whether the return value of a recursive call is actually being used in the result.</p>
  </div>

  <!-- CTA -->
  <div class=""rg-cta"">
    <h3>Still Struggling With Recursion?</h3>
    <p>Tanner Crow has helped hundreds of students master recursion and score 5s on the AP CSA exam. With 451 five-star reviews on Wyzant and 54.5% of students scoring 5s — more than double the national average — there is a reason students keep coming back before exam day.</p>
    <a href=""/pages/tutoring"" class=""rg-cta-btn"">Book a Session →</a>
  </div>

  <!-- NAV -->
  <div class=""rg-nav"">
    <a href=""/pages/ap-csa-unit-2-exam-selection-iteration"" class=""rg-btn secondary"">← Unit 2 Practice Exam</a>
    <a href=""/pages/ap-csa-unit-2-selection-and-iteration-ultimate-study-guide"" class=""rg-btn primary"">Unit 2 Study Guide →</a>
  </div>

</div>

<script>
(function() {
  function checkAnswer(qId, correct) {
    var radios = document.querySelectorAll('input[name=""' + qId + '""]');
    var selected = null;
    for (var i = 0; i < radios.length; i++) {
      if (radios[i].checked) { selected = radios[i].value; break; }
    }
    if (!selected) { alert('Please select an answer first.'); return; }

    // Disable all options
    radios.forEach(function(r) { r.disabled = true; });

    // Style options
    var options = document.querySelectorAll('#' + qId + '-container .rg-option');
    var letters = ['A','B','C','D'];
    options.forEach(function(opt, idx) {
      if (letters[idx] === correct) {
        opt.classList.add('correct-answer');
      } else if (letters[idx] === selected && selected !== correct) {
        opt.classList.add('wrong-answer');
      }
    });

    // Show feedback
    var fb = document.getElementById(qId + '-feedback');
    var fbTitle = document.getElementById(qId + '-feedback-title');
    fb.style.display = 'block';
    if (selected === correct) {
      fb.className = 'rg-feedback correct';
      fbTitle.textContent = 'Correct! Well done.';
    } else {
      fb.className = 'rg-feedback incorrect';
      fbTitle.textContent = 'Not quite. The correct answer is ' + correct + '. See the explanation below.';
    }

    // Disable submit button
    var btn = fb.previousElementSibling;
    if (btn && btn.classList.contains('rg-submit-btn')) {
      btn.disabled = true;
      btn.style.opacity = '0.5';
      btn.style.cursor = 'default';
    }
  }

  // Expose to global scope for onclick handlers
  window.checkAnswer = checkAnswer;
})();
</script>"
"news","ap-csp-day-29-list-mutation-and-aliasing","MERGE","<style>
.apcs-practice-wrapper{font-family:-apple-system,BlinkMacSystemFont,'Segoe UI',Roboto,Oxygen,Ubuntu,Cantarell,sans-serif;line-height:1.6;color:#2d3748;max-width:900px;margin:0 auto;padding:20px}
.apcs-header{background:#fff;border-radius:12px;padding:32px;margin-bottom:24px;box-shadow:0 1px 3px rgba(0,0,0,.1)}
.apcs-unit-section{color:#5a67d8;font-size:14px;font-weight:600;text-transform:uppercase;letter-spacing:.5px;margin-bottom:8px}
.apcs-meta{color:#718096;font-size:14px}
.apcs-focus-badge{display:inline-block;background:#edf2f7;color:#2d3748;padding:8px 16px;border-radius:20px;font-size:14px;font-weight:500;margin-top:16px}
.apcs-question-card{background:#fff;border-radius:12px;padding:32px;margin-bottom:24px;box-shadow:0 1px 3px rgba(0,0,0,.1)}
.apcs-question-header{font-size:18px;font-weight:600;color:#2d3748;margin-bottom:20px}
.apcs-question-text{font-size:16px;margin-bottom:20px;line-height:1.7}
.apcs-code-block{background:#2d3748;color:#e2e8f0;padding:20px;border-radius:8px;margin:20px 0;overflow-x:auto;font-family:Consolas,Monaco,'Courier New',monospace;font-size:14px}
.apcs-code-block pre{margin:0;padding:0;white-space:pre;line-height:1.6}
.apcs-code-block code{color:#e2e8f0;font-family:Consolas,Monaco,'Courier New',monospace}
.apcs-answer-options{margin:24px 0}
.apcs-option{background:#f7fafc;border:2px solid #e2e8f0;border-radius:8px;padding:16px;margin-bottom:12px;cursor:pointer;transition:all .2s;display:grid;grid-template-columns:18px 30px 1fr;gap:8px;align-items:start}
.apcs-option:hover{border-color:#5a67d8;background:#edf2f7}
.apcs-option input[type=radio]{cursor:pointer;width:18px;height:18px;margin-top:2px}
.apcs-option-letter{font-weight:600;font-size:15px;padding-top:1px}
.apcs-option-content{font-size:15px;line-height:1.5}
.apcs-submit-btn{background:#5a67d8;color:#fff !important;border:none;padding:14px 32px;border-radius:8px;font-size:16px;font-weight:600;cursor:pointer;width:100%;margin-top:8px}
.apcs-submit-btn:hover{background:#4c51bf}
.apcs-feedback{background:#fff;border-radius:12px;padding:32px;margin-top:24px;box-shadow:0 1px 3px rgba(0,0,0,.1);display:none}
.apcs-feedback.apcs-correct{border-left:4px solid #48bb78}
.apcs-feedback.apcs-incorrect{border-left:4px solid #f56565}
.apcs-feedback-header{font-size:20px;font-weight:700;margin-bottom:20px}
.apcs-feedback-header.apcs-correct{color:#48bb78}
.apcs-feedback-header.apcs-incorrect{color:#f56565}
.apcs-section-title{font-size:18px;font-weight:600;color:#2d3748;margin-top:28px;margin-bottom:12px;padding-bottom:8px;border-bottom:2px solid #e2e8f0}
.apcs-section-content{margin-bottom:20px;line-height:1.7}
.apcs-mistake-block{background:#fff5f5;border-left:3px solid #f56565;padding:16px;margin:12px 0;border-radius:4px}
.apcs-mistake-title{font-weight:600;color:#c53030;margin-bottom:8px}
.apcs-tip-box{background:#ebf8ff;border-left:4px solid #4299e1;padding:20px;margin:20px 0;border-radius:4px}
.apcs-tip-title{font-weight:600;color:#2c5282;margin-bottom:12px}
.apcs-navigation{background:#fff;border-radius:12px;padding:24px;margin-top:24px;box-shadow:0 1px 3px rgba(0,0,0,.1);display:flex;justify-content:space-between;align-items:center;flex-wrap:wrap;gap:16px}
.apcs-nav-link{color:#5a67d8 !important;text-decoration:none;font-weight:500}
.apcs-nav-link:hover{color:#4c51bf !important;text-decoration:underline}
.apcs-cta-box{background:linear-gradient(135deg,#667eea 0%,#764ba2 100%);color:#fff;padding:32px;border-radius:12px;margin-top:24px;text-align:center}
.apcs-cta-box h3{margin-bottom:12px;color:#fff !important;font-size:22px}
.apcs-cta-box p{margin-bottom:16px;font-size:16px;color:#fff !important}
.apcs-cta-link{display:inline-block;background:#fff;color:#5a67d8 !important;padding:12px 28px;border-radius:8px;font-weight:600;text-decoration:none;margin:8px}
.apcs-cta-secondary{background:rgba(255,255,255,.2);color:#fff !important;border:2px solid #fff}
</style>
<div class=""apcs-practice-wrapper"">
<div class=""apcs-header"">
<div class=""apcs-unit-section"">Big Idea 3</div>
<div class=""apcs-meta"">Day 29 Practice</div>
<div class=""apcs-focus-badge"">Focus: List Mutation &amp; Aliasing</div>
</div>
<div class=""apcs-question-card"">
<h2 class=""apcs-question-header"">Practice Question</h2>
<div class=""apcs-question-text"">Consider the following code segment:</div>
<div class=""apcs-code-block""><pre><code>listA ← [10, 20, 30]
listB ← listA
listB[2] ← 99

DISPLAY(listA[2])</code></pre></div>
<form id=""apcs-quiz-form"">
<div class=""apcs-answer-options"">
<label class=""apcs-option""><input type=""radio"" name=""answer"" value=""A""><span class=""apcs-option-letter"">A)</span><span class=""apcs-option-content"">10</span></label><label class=""apcs-option""><input type=""radio"" name=""answer"" value=""B""><span class=""apcs-option-letter"">B)</span><span class=""apcs-option-content"">20</span></label><label class=""apcs-option""><input type=""radio"" name=""answer"" value=""C""><span class=""apcs-option-letter"">C)</span><span class=""apcs-option-content"">30</span></label><label class=""apcs-option""><input type=""radio"" name=""answer"" value=""D""><span class=""apcs-option-letter"">D)</span><span class=""apcs-option-content"">99</span></label>
</div>
<button type=""submit"" class=""apcs-submit-btn"">Check Answer</button>
</form>
</div>
<div id=""apcs-feedback"" class=""apcs-feedback"">
<div id=""apcs-feedback-header"" class=""apcs-feedback-header""></div>
<div class=""apcs-section-title"">Why This Answer?</div>
<div class=""apcs-section-content""><p>In AP CSP pseudocode, <code>listB &larr; listA</code> gives listB its own copy of the list. The Exam Reference Sheet says so directly. For <code>aList &larr; bList</code> it reads: &ldquo;Assigns a copy of the list bList to the list aList.&rdquo; So <code>listB[2] &larr; 99</code> changes listB only. listA is still [10, 20, 30], and listA[2] is 20.</p></div>
<div class=""apcs-section-title"">Why Not the Others?</div>
<div class=""apcs-section-content"">
<p><strong>A)</strong> 10 is listA[1], not listA[2].</p>
<p><strong>C)</strong> 30 is listA[3]. Lists on the AP CSP exam start at index 1, so listA[2] is the second element.</p>
<p><strong>D)</strong> 99 is what Python or JavaScript would print, because there both names share one list. In AP CSP pseudocode the assignment made a copy, so the change to listB never reaches listA.</p>
</div>
<div class=""apcs-section-title"">Common Mistake</div>
<div class=""apcs-mistake-block"">
<div class=""apcs-mistake-title"">Watch Out!</div>
<p>Bringing Python or JavaScript habits to the exam. In those languages <code>listB = listA</code> makes two names for one list. In AP CSP pseudocode, <code>listB &larr; listA</code> makes a copy.</p>
</div>
<div class=""apcs-tip-box"">
<div class=""apcs-tip-title"">AP Exam Tip</div>
<p>When a question assigns one list to another, apply the Exam Reference Sheet rule: the new variable gets a copy. After that, a change made through one name does not show up through the other.</p>
</div>
</div>
<div class=""apcs-navigation"">
<a href=""/pages/ap-csp-qotd-hub"" class=""apcs-nav-link"">Back to Hub</a>
</div>
<div class=""apcs-cta-box"">
<h3>Keep Practicing!</h3>
<p>Daily practice builds AP CSP mastery.</p>
<a href=""/pages/ap-csp-study-guide"" class=""apcs-cta-link"">Study Guide</a>
<a href=""/products/computer-science-tutoring-lesson"" class=""apcs-cta-link apcs-cta-secondary"">Get Tutoring</a>
</div>
</div>
<script>
document.getElementById('apcs-quiz-form').addEventListener('submit', function(e) {
    e.preventDefault();
    var selected = document.querySelector('input[name=""answer""]:checked');
    if (!selected) { alert('Please select an answer.'); return; }
    var feedback = document.getElementById('apcs-feedback');
    var header = document.getElementById('apcs-feedback-header');
    var correctAnswer = 'B';
    feedback.style.display = 'block';
    feedback.classList.remove('apcs-correct', 'apcs-incorrect');
    header.classList.remove('apcs-correct', 'apcs-incorrect');
    if (selected.value === correctAnswer) {
        feedback.classList.add('apcs-correct');
        header.classList.add('apcs-correct');
        header.textContent = 'Correct!';
    } else {
        feedback.classList.add('apcs-incorrect');
        header.classList.add('apcs-incorrect');
        header.textContent = 'Not quite. The correct answer is ' + correctAnswer + '.';
    }
    feedback.scrollIntoView({ behavior: 'smooth', block: 'start' });
});
</script>"
"news","ap-csp-day-29-list-mutation-aliasing","MERGE","<style>
.apcs-practice-wrapper{font-family:-apple-system,BlinkMacSystemFont,'Segoe UI',Roboto,Oxygen,Ubuntu,Cantarell,sans-serif;line-height:1.6;color:#2d3748;max-width:900px;margin:0 auto;padding:20px}
.apcs-header{background:#fff;border-radius:12px;padding:32px;margin-bottom:24px;box-shadow:0 1px 3px rgba(0,0,0,.1)}
.apcs-unit-section{color:#5a67d8;font-size:14px;font-weight:600;text-transform:uppercase;letter-spacing:.5px;margin-bottom:8px}
.apcs-meta{color:#718096;font-size:14px}
.apcs-focus-badge{display:inline-block;background:#edf2f7;color:#2d3748;padding:8px 16px;border-radius:20px;font-size:14px;font-weight:500;margin-top:16px}
.apcs-question-card{background:#fff;border-radius:12px;padding:32px;margin-bottom:24px;box-shadow:0 1px 3px rgba(0,0,0,.1)}
.apcs-question-header{font-size:18px;font-weight:600;color:#2d3748;margin-bottom:20px}
.apcs-question-text{font-size:16px;margin-bottom:20px;line-height:1.7}
.apcs-code-block{background:#2d3748;color:#e2e8f0;padding:20px;border-radius:8px;margin:20px 0;overflow-x:auto;font-family:Consolas,Monaco,'Courier New',monospace;font-size:14px}
.apcs-code-block pre{margin:0;padding:0;white-space:pre;line-height:1.6}
.apcs-code-block code{color:#e2e8f0;font-family:Consolas,Monaco,'Courier New',monospace}
.apcs-answer-options{margin:24px 0}
.apcs-option{background:#f7fafc;border:2px solid #e2e8f0;border-radius:8px;padding:16px;margin-bottom:12px;cursor:pointer;transition:all .2s;display:grid;grid-template-columns:18px 30px 1fr;gap:8px;align-items:start}
.apcs-option:hover{border-color:#5a67d8;background:#edf2f7}
.apcs-option input[type=radio]{cursor:pointer;width:18px;height:18px;margin-top:2px}
.apcs-option-letter{font-weight:600;font-size:15px;padding-top:1px}
.apcs-option-content{font-size:15px;line-height:1.5}
.apcs-submit-btn{background:#5a67d8;color:#fff !important;border:none;padding:14px 32px;border-radius:8px;font-size:16px;font-weight:600;cursor:pointer;width:100%;margin-top:8px}
.apcs-submit-btn:hover{background:#4c51bf}
.apcs-feedback{background:#fff;border-radius:12px;padding:32px;margin-top:24px;box-shadow:0 1px 3px rgba(0,0,0,.1);display:none}
.apcs-feedback.apcs-correct{border-left:4px solid #48bb78}
.apcs-feedback.apcs-incorrect{border-left:4px solid #f56565}
.apcs-feedback-header{font-size:20px;font-weight:700;margin-bottom:20px}
.apcs-feedback-header.apcs-correct{color:#48bb78}
.apcs-feedback-header.apcs-incorrect{color:#f56565}
.apcs-section-title{font-size:18px;font-weight:600;color:#2d3748;margin-top:28px;margin-bottom:12px;padding-bottom:8px;border-bottom:2px solid #e2e8f0}
.apcs-section-content{margin-bottom:20px;line-height:1.7}
.apcs-mistake-block{background:#fff5f5;border-left:3px solid #f56565;padding:16px;margin:12px 0;border-radius:4px}
.apcs-mistake-title{font-weight:600;color:#c53030;margin-bottom:8px}
.apcs-tip-box{background:#ebf8ff;border-left:4px solid #4299e1;padding:20px;margin:20px 0;border-radius:4px}
.apcs-tip-title{font-weight:600;color:#2c5282;margin-bottom:12px}
.apcs-navigation{background:#fff;border-radius:12px;padding:24px;margin-top:24px;box-shadow:0 1px 3px rgba(0,0,0,.1);display:flex;justify-content:space-between;align-items:center;flex-wrap:wrap;gap:16px}
.apcs-nav-link{color:#5a67d8 !important;text-decoration:none;font-weight:500}
.apcs-nav-link:hover{color:#4c51bf !important;text-decoration:underline}
.apcs-cta-box{background:linear-gradient(135deg,#667eea 0%,#764ba2 100%);color:#fff;padding:32px;border-radius:12px;margin-top:24px;text-align:center}
.apcs-cta-box h3{margin-bottom:12px;color:#fff !important;font-size:22px}
.apcs-cta-box p{margin-bottom:16px;font-size:16px;color:#fff !important}
.apcs-cta-link{display:inline-block;background:#fff;color:#5a67d8 !important;padding:12px 28px;border-radius:8px;font-weight:600;text-decoration:none;margin:8px}
.apcs-cta-secondary{background:rgba(255,255,255,.2);color:#fff !important;border:2px solid #fff}
</style>
<div class=""apcs-practice-wrapper"">
<div class=""apcs-header"">
<div class=""apcs-unit-section"">Big Idea 3</div>
<div class=""apcs-meta"">Day 29 Practice</div>
<div class=""apcs-focus-badge"">Focus: List Mutation &amp; Aliasing</div>
</div>
<div class=""apcs-question-card"">
<h2 class=""apcs-question-header"">Practice Question</h2>
<div class=""apcs-question-text"">Consider the following code segment:</div>
<div class=""apcs-code-block""><pre><code>listA ← [10, 20, 30]
listB ← listA
listB[2] ← 99

DISPLAY(listA[2])</code></pre></div>
<form id=""apcs-quiz-form"">
<div class=""apcs-answer-options"">
<label class=""apcs-option""><input type=""radio"" name=""answer"" value=""A""><span class=""apcs-option-letter"">A)</span><span class=""apcs-option-content"">10</span></label><label class=""apcs-option""><input type=""radio"" name=""answer"" value=""B""><span class=""apcs-option-letter"">B)</span><span class=""apcs-option-content"">20</span></label><label class=""apcs-option""><input type=""radio"" name=""answer"" value=""C""><span class=""apcs-option-letter"">C)</span><span class=""apcs-option-content"">30</span></label><label class=""apcs-option""><input type=""radio"" name=""answer"" value=""D""><span class=""apcs-option-letter"">D)</span><span class=""apcs-option-content"">99</span></label>
</div>
<button type=""submit"" class=""apcs-submit-btn"">Check Answer</button>
</form>
</div>
<div id=""apcs-feedback"" class=""apcs-feedback"">
<div id=""apcs-feedback-header"" class=""apcs-feedback-header""></div>
<div class=""apcs-section-title"">Why This Answer?</div>
<div class=""apcs-section-content""><p>In AP CSP pseudocode, <code>listB &larr; listA</code> gives listB its own copy of the list. The Exam Reference Sheet says so directly. For <code>aList &larr; bList</code> it reads: &ldquo;Assigns a copy of the list bList to the list aList.&rdquo; So <code>listB[2] &larr; 99</code> changes listB only. listA is still [10, 20, 30], and listA[2] is 20.</p></div>
<div class=""apcs-section-title"">Why Not the Others?</div>
<div class=""apcs-section-content"">
<p><strong>A)</strong> 10 is listA[1], not listA[2].</p>
<p><strong>C)</strong> 30 is listA[3]. Lists on the AP CSP exam start at index 1, so listA[2] is the second element.</p>
<p><strong>D)</strong> 99 is what Python or JavaScript would print, because there both names share one list. In AP CSP pseudocode the assignment made a copy, so the change to listB never reaches listA.</p>
</div>
<div class=""apcs-section-title"">Common Mistake</div>
<div class=""apcs-mistake-block"">
<div class=""apcs-mistake-title"">Watch Out!</div>
<p>Bringing Python or JavaScript habits to the exam. In those languages <code>listB = listA</code> makes two names for one list. In AP CSP pseudocode, <code>listB &larr; listA</code> makes a copy.</p>
</div>
<div class=""apcs-tip-box"">
<div class=""apcs-tip-title"">AP Exam Tip</div>
<p>When a question assigns one list to another, apply the Exam Reference Sheet rule: the new variable gets a copy. After that, a change made through one name does not show up through the other.</p>
</div>
</div>
<div class=""apcs-navigation"">
<a href=""/pages/ap-csp-qotd-hub"" class=""apcs-nav-link"">Back to Hub</a>
</div>
<div class=""apcs-cta-box"">
<h3>Keep Practicing!</h3>
<p>Daily practice builds AP CSP mastery.</p>
<a href=""/pages/ap-csp-study-guide"" class=""apcs-cta-link"">Study Guide</a>
<a href=""/products/computer-science-tutoring-lesson"" class=""apcs-cta-link apcs-cta-secondary"">Get Tutoring</a>
</div>
</div>
<script>
document.getElementById('apcs-quiz-form').addEventListener('submit', function(e) {
    e.preventDefault();
    var selected = document.querySelector('input[name=""answer""]:checked');
    if (!selected) { alert('Please select an answer.'); return; }
    var feedback = document.getElementById('apcs-feedback');
    var header = document.getElementById('apcs-feedback-header');
    var correctAnswer = 'B';
    feedback.style.display = 'block';
    feedback.classList.remove('apcs-correct', 'apcs-incorrect');
    header.classList.remove('apcs-correct', 'apcs-incorrect');
    if (selected.value === correctAnswer) {
        feedback.classList.add('apcs-correct');
        header.classList.add('apcs-correct');
        header.textContent = 'Correct!';
    } else {
        feedback.classList.add('apcs-incorrect');
        header.classList.add('apcs-incorrect');
        header.textContent = 'Not quite. The correct answer is ' + correctAnswer + '.';
    }
    feedback.scrollIntoView({ behavior: 'smooth', block: 'start' });
});
</script>"
"news","unit-2-cycle-2-day-20","MERGE","<style>
.apcs-practice-wrapper{font-family:-apple-system,BlinkMacSystemFont,'Segoe UI',Roboto,Oxygen,Ubuntu,Cantarell,sans-serif;line-height:1.6;color:#2d3748;max-width:900px;margin:0 auto;padding:20px}
.apcs-header{background:#fff;border-radius:12px;padding:32px;margin-bottom:24px;box-shadow:0 1px 3px rgba(0,0,0,.1)}
.apcs-unit-section{color:#5a67d8;font-size:14px;font-weight:600;text-transform:uppercase;letter-spacing:.5px;margin-bottom:8px}
.apcs-meta{color:#718096;font-size:14px}
.apcs-focus-badge{display:inline-block;background:#edf2f7;color:#2d3748;padding:8px 16px;border-radius:20px;font-size:14px;font-weight:500;margin-top:16px}
.apcs-question-card{background:#fff;border-radius:12px;padding:32px;margin-bottom:24px;box-shadow:0 1px 3px rgba(0,0,0,.1)}
.apcs-question-header{font-size:18px;font-weight:600;color:#2d3748;margin-bottom:20px}
.apcs-question-text{font-size:16px;margin-bottom:20px;line-height:1.7}
.apcs-code-block{background:#2d3748;color:#e2e8f0;padding:20px;border-radius:8px;margin:20px 0;overflow-x:auto;font-family:Consolas,Monaco,'Courier New',monospace;font-size:14px}
.apcs-code-block pre{margin:0;padding:0;white-space:pre;line-height:1.6}
.apcs-code-block code{color:#e2e8f0;font-family:Consolas,Monaco,'Courier New',monospace}
.apcs-keyword{color:#fc8181}
.apcs-function{color:#90cdf4}
.apcs-number{color:#f6ad55}
.apcs-string{color:#68d391}
.apcs-comment{color:#a0aec0;font-style:italic}
.apcs-answer-options{margin:24px 0}
.apcs-option{background:#f7fafc;border:2px solid #e2e8f0;border-radius:8px;padding:16px;margin-bottom:12px;cursor:pointer;transition:all .2s;display:grid;grid-template-columns:18px 30px 1fr;gap:8px;align-items:start}
.apcs-option:hover{border-color:#5a67d8;background:#edf2f7}
.apcs-option input[type=radio]{cursor:pointer;width:18px;height:18px;margin-top:2px}
.apcs-option-letter{font-weight:600;font-size:15px;padding-top:1px}
.apcs-option-content{font-size:15px;line-height:1.5}
.apcs-submit-btn{background:#5a67d8;color:#fff !important;border:none;padding:14px 32px;border-radius:8px;font-size:16px;font-weight:600;cursor:pointer;width:100%;margin-top:8px}
.apcs-submit-btn:hover{background:#4c51bf}
.apcs-submit-btn:link,.apcs-submit-btn:visited{color:#fff !important}
.apcs-feedback{background:#fff;border-radius:12px;padding:32px;margin-top:24px;box-shadow:0 1px 3px rgba(0,0,0,.1);display:none}
.apcs-feedback.apcs-correct{border-left:4px solid #48bb78}
.apcs-feedback.apcs-incorrect{border-left:4px solid #f56565}
.apcs-feedback-header{font-size:20px;font-weight:700;margin-bottom:20px}
.apcs-feedback-header.apcs-correct{color:#48bb78}
.apcs-feedback-header.apcs-incorrect{color:#f56565}
.apcs-section-title{font-size:18px;font-weight:600;color:#2d3748;margin-top:28px;margin-bottom:12px;padding-bottom:8px;border-bottom:2px solid #e2e8f0}
.apcs-section-content{margin-bottom:20px;line-height:1.7}
.apcs-mistake-block{background:#fff5f5;border-left:3px solid #f56565;padding:16px;margin:12px 0;border-radius:4px}
.apcs-mistake-title{font-weight:600;color:#c53030;margin-bottom:8px}
.apcs-tip-box{background:#ebf8ff;border-left:4px solid #4299e1;padding:20px;margin:20px 0;border-radius:4px}
.apcs-tip-title{font-weight:600;color:#2c5282;margin-bottom:12px}
.apcs-navigation{background:#fff;border-radius:12px;padding:24px;margin-top:24px;box-shadow:0 1px 3px rgba(0,0,0,.1);display:flex;justify-content:space-between;align-items:center;flex-wrap:wrap;gap:16px}
.apcs-nav-link{color:#5a67d8 !important;text-decoration:none;font-weight:500}
.apcs-nav-link:hover{color:#4c51bf !important;text-decoration:underline}
.apcs-cta-box{background:linear-gradient(135deg,#667eea 0%,#764ba2 100%);color:#fff;padding:32px;border-radius:12px;margin-top:24px;text-align:center}
.apcs-cta-box h3{margin-bottom:12px;color:#fff !important;font-size:22px}
.apcs-cta-box p{margin-bottom:16px;font-size:16px;color:#fff !important}
.apcs-cta-link{display:inline-block;background:#fff;color:#5a67d8 !important;padding:12px 28px;border-radius:8px;font-weight:600;text-decoration:none;margin:8px}
.apcs-cta-link:link,.apcs-cta-link:visited{color:#5a67d8 !important}
.apcs-cta-secondary{background:rgba(255,255,255,.2);color:#fff !important;border:2px solid #fff}
.apcs-cta-secondary:link,.apcs-cta-secondary:visited{color:#fff !important}
</style>

<div class=""apcs-practice-wrapper"">

<div class=""apcs-header"">
<div class=""apcs-unit-section"">Unit 2, Section 2.9 - Cycle 2</div>
<div class=""apcs-meta"">Day 20 Advanced Practice - Harder Difficulty</div>
<div class=""apcs-focus-badge"">Focus: Selection + Iteration (Complex Filter)</div>
</div>

<div class=""apcs-question-card"">
<h2 class=""apcs-question-header"">Practice Question</h2>
<div class=""apcs-question-text"">Consider the following code segment:</div>

<div class=""apcs-code-block"">
<pre><code><span class=""apcs-keyword"">int</span> count = <span class=""apcs-number"">0</span>;
<span class=""apcs-keyword"">for</span> (<span class=""apcs-keyword"">int</span> k = <span class=""apcs-number"">10</span>; k &lt;= <span class=""apcs-number"">50</span>; k++) {
    <span class=""apcs-keyword"">if</span> (k % <span class=""apcs-number"">3</span> == <span class=""apcs-number"">0</span> &amp;&amp; k % <span class=""apcs-number"">5</span> != <span class=""apcs-number"">0</span>) {
        count++;
    }
}
System.out.println(count);</code></pre>
</div>

<div class=""apcs-question-text"">What is printed when this code segment executes?</div>

<form id=""apcs-quiz-form"">
<div class=""apcs-answer-options"">
<label class=""apcs-option"">
<input type=""radio"" name=""answer"" value=""A"">
<span class=""apcs-option-letter"">A)</span>
<span class=""apcs-option-content"">13</span>
</label>
<label class=""apcs-option"">
<input type=""radio"" name=""answer"" value=""B"">
<span class=""apcs-option-letter"">B)</span>
<span class=""apcs-option-content"">10</span>
</label>
<label class=""apcs-option"">
<input type=""radio"" name=""answer"" value=""C"">
<span class=""apcs-option-letter"">C)</span>
<span class=""apcs-option-content"">3</span>
</label>
<label class=""apcs-option"">
<input type=""radio"" name=""answer"" value=""D"">
<span class=""apcs-option-letter"">D)</span>
<span class=""apcs-option-content"">9</span>
</label>
</div>
<button type=""submit"" class=""apcs-submit-btn"">Check Answer</button>
</form>
</div>

<div id=""apcs-feedback"" class=""apcs-feedback"">
<div id=""apcs-feedback-header"" class=""apcs-feedback-header""></div>

<div class=""apcs-section-title"">Why This Answer?</div>
<div class=""apcs-section-content"">
<p>The correct answer is <strong>B) 10</strong></p>
<p>The condition requires numbers divisible by 3 BUT NOT divisible by 5 (numbers divisible by both 3 and 5 are divisible by 15, so we exclude those).</p>
<p><strong>Multiples of 3 from 10 to 50:</strong> 12, 15, 18, 21, 24, 27, 30, 33, 36, 39, 42, 45, 48. That is 13 numbers.</p>
<p><strong>Among these, the ones also divisible by 5:</strong> 15, 30, 45. Those 3 are excluded.</p>
<p><strong>Final count:</strong> 13 - 3 = 10. Tracing the loop one value at a time gives the same count:</p>
<ul>
<li>12: 12 % 3 = 0, 12 % 5 = 2 → COUNT (1)</li>
<li>15: 15 % 3 = 0, 15 % 5 = 0 → SKIP</li>
<li>18: 18 % 3 = 0, 18 % 5 = 3 → COUNT (2)</li>
<li>21: 21 % 3 = 0, 21 % 5 = 1 → COUNT (3)</li>
<li>24: 24 % 3 = 0, 24 % 5 = 4 → COUNT (4)</li>
<li>27: 27 % 3 = 0, 27 % 5 = 2 → COUNT (5)</li>
<li>30: 30 % 3 = 0, 30 % 5 = 0 → SKIP</li>
<li>33: 33 % 3 = 0, 33 % 5 = 3 → COUNT (6)</li>
<li>36: 36 % 3 = 0, 36 % 5 = 1 → COUNT (7)</li>
<li>39: 39 % 3 = 0, 39 % 5 = 4 → COUNT (8)</li>
<li>42: 42 % 3 = 0, 42 % 5 = 2 → COUNT (9)</li>
<li>45: 45 % 3 = 0, 45 % 5 = 0 → SKIP</li>
<li>48: 48 % 3 = 0, 48 % 5 = 3 → COUNT (10)</li>
</ul>
</div>

<div class=""apcs-section-title"">Why Not the Others?</div>
<div class=""apcs-section-content"">
<p><strong>A) 13</strong> - This is every multiple of 3 from 12 to 48. It is the count you get if you drop the <code>k % 5 != 0</code> half of the condition.</p>
<p><strong>C) 3</strong> - This counts 15, 30 and 45, the three values the condition throws away. It comes from reading <code>!=</code> as <code>==</code>.</p>
<p><strong>D) 9</strong> - This misses 48, the last multiple of 3 before 50. Listing the values by hand and stopping at 45 is an easy slip at the top of the range.</p>
</div>

<div class=""apcs-section-title"">Common Mistake</div>
<div class=""apcs-mistake-block"">
<div class=""apcs-mistake-title"">Watch Out!</div>
<p>The compound condition uses AND (&amp;&amp;), meaning BOTH conditions must be true. Students often forget that when filtering with multiple conditions, you need to carefully trace which values satisfy ALL parts of the condition. The % 5 != 0 excludes numbers like 15, 30, and 45.</p>
</div>

<div class=""apcs-tip-box"">
<div class=""apcs-tip-title"">AP Exam Tip</div>
<p>For complex filtering conditions with &amp;&amp;, write out the values that pass the first condition, then cross out those that fail the second condition. This prevents counting errors. Also verify loop bounds carefully - does it include or exclude the endpoints?</p>
</div>
</div>

<div class=""apcs-navigation"">
<a href=""/blogs/ap-csa-daily-practice/unit-2-cycle-2-day-19"" class=""apcs-nav-link"">← Previous Day</a>
<a href=""/pages/ap-csa-qotd-hub"" class=""apcs-nav-link"">Back to Hub</a>
<a href=""/blogs/ap-csa-daily-practice/unit-2-cycle-2-day-21"" class=""apcs-nav-link"">Next Day →</a>
</div>

<div class=""apcs-cta-box"">
<h3>Keep Practicing!</h3>
<p>Cycle 2 questions prepare you for the hardest AP CSA exam questions.</p>
<a href=""/pages/ap-csa-study-games"" class=""apcs-cta-link"">Study Games</a>
<a href=""/pages/ap-csa-frq-archive"" class=""apcs-cta-link apcs-cta-secondary"">Practice FRQs</a>
</div>

</div>

<script>
document.getElementById('apcs-quiz-form').addEventListener('submit', function(e) {
    e.preventDefault();
    var selected = document.querySelector('input[name=""answer""]:checked');
    if (!selected) {
        alert('Please select an answer.');
        return;
    }
    
    var feedback = document.getElementById('apcs-feedback');
    var header = document.getElementById('apcs-feedback-header');
    var correctAnswer = 'B';
    
    feedback.style.display = 'block';
    feedback.classList.remove('apcs-correct', 'apcs-incorrect');
    header.classList.remove('apcs-correct', 'apcs-incorrect');
    
    if (selected.value === correctAnswer) {
        feedback.classList.add('apcs-correct');
        header.classList.add('apcs-correct');
        header.textContent = 'Correct!';
    } else {
        feedback.classList.add('apcs-incorrect');
        header.classList.add('apcs-incorrect');
        header.textContent = 'Not quite. The correct answer is ' + correctAnswer + '.';
    }
    
    feedback.scrollIntoView({ behavior: 'smooth', block: 'start' });
});
</script>"
