Handle,Command,SEO Title
ap-networking-teacher-bundle,MERGE,AP Networking Teacher Bundle: Complete 4-Unit Curriculum
ap-cybersecurity-founding-teacher-bundle,MERGE,AP Cybersecurity Founding Teacher Bundle: All 5 Units
ap-csp-teacher-superpack,MERGE,"AP CSP Teacher Bundle: All 5 Big Ideas, Full Course"
ap-csa-reference-sheet-pdf,MERGE,AP CSA Reference Sheet PDF: Cheat Sheet & FRQ Patterns
ap-csa-complete-quick-reference-guide,MERGE,AP CSA Quick Reference Guide 2026-27: All 4 Units
ap-csp-complete-study-bundle,MERGE,AP CSP Complete Study Bundle 2026-27: 6 PDFs
ap-csp-5-big-ideas-quick-reference,MERGE,AP CSP Quick Reference Guide 2026-27: 5 Big Ideas
ap-csp-pseudocode-reference-sheet,MERGE,AP CSP Pseudocode Reference Sheet 2026-27: Exam Syntax
ap-csp-create-task-complete-guide,MERGE,AP CSP Create Task Guide 2026-27: Score 6/6 Strategy
ap-csa-4-week-cram-kit,MERGE,AP CSA 4-Week Cram Kit 2026-27: Day-by-Day Plan
ap-csa-2-week-cram-kit,MERGE,AP CSA 2-Week Cram Kit 2026-27: 14-Day Study Plan
ap-csa-teacher-superpack,MERGE,AP CSA Teacher Bundle 2026-27: All 4 Units
ap-csa-teacher-superpack-free-preview,MERGE,Free AP CSA Teacher Bundle: Unit 1 Lessons & Quizzes
