"Blog: Handle","Handle","Command","Metafield: global.title_tag [single_line_text_field]"
"ap-csa-daily-practice","ap-csa-u1-c1-day-1-declaring-variables","MERGE","AP CSA Unit 1 Day 1: Declaring Variables | Daily Practice"
"ap-csa-daily-practice","ap-csa-u1-c1-day-10-creating-objects","MERGE","AP CSA Unit 1 Day 10: Creating Objects | Daily Practice"
"ap-csa-daily-practice","ap-csa-u1-c1-day-11-calling-void-methods","MERGE","AP CSA Unit 1 Day 11: Calling Void Methods | Daily Practice"
"ap-csa-daily-practice","ap-csa-u1-c1-day-12-return-values","MERGE","AP CSA Unit 1 Day 12: Return Values | Daily Practice"
"ap-csa-daily-practice","ap-csa-u1-c1-day-13-string-concatenation-mixed","MERGE","AP CSA Unit 1 Day 13: String Concatenation Mixed | Daily Practice"
"ap-csa-daily-practice","ap-csa-u1-c1-day-14-substring-indexof","MERGE","AP CSA Unit 1 Day 14: Substring indexOf | Daily Practice"
"ap-csa-daily-practice","ap-csa-u1-c1-day-15-chained-string-methods","MERGE","AP CSA Unit 1 Day 15: Chained String Methods | Daily Practice"
"ap-csa-daily-practice","ap-csa-u1-c1-day-16-length-extracting-chars","MERGE","AP CSA Unit 1 Day 16: Length Extracting Chars | Daily Practice"
"ap-csa-daily-practice","ap-csa-u1-c1-day-17-equals-vs-doubleequals","MERGE","AP CSA Unit 1 Day 17: equals vs == | Daily Practice"
"ap-csa-daily-practice","ap-csa-u1-c1-day-18-compareto-ordering","MERGE","AP CSA Unit 1 Day 18: compareTo Ordering | Daily Practice"
"ap-csa-daily-practice","ap-csa-u1-c1-day-19-autoboxing-unboxing","MERGE","AP CSA Unit 1 Day 19: Autoboxing Unboxing | Daily Practice"
"ap-csa-daily-practice","ap-csa-u1-c1-day-2-primitive-ranges","MERGE","AP CSA Unit 1 Day 2: Primitive Ranges | Daily Practice"
"ap-csa-daily-practice","ap-csa-u1-c1-day-20-wrapper-equals-trap","MERGE","AP CSA Unit 1 Day 20: Wrapper Equals Trap | Daily Practice"
"ap-csa-daily-practice","ap-csa-u1-c1-day-21-math-abs-pow","MERGE","AP CSA Unit 1 Day 21: Math Abs Pow | Daily Practice"
"ap-csa-daily-practice","ap-csa-u1-c1-day-22-math-random-range","MERGE","AP CSA Unit 1 Day 22: Math Random Range | Daily Practice"
"ap-csa-daily-practice","ap-csa-u1-c1-day-23-math-sqrt-casting","MERGE","AP CSA Unit 1 Day 23: Math Sqrt Casting | Daily Practice"
"ap-csa-daily-practice","ap-csa-u1-c1-day-24-mixed-types-review","MERGE","AP CSA Unit 1 Day 24: Mixed Types Review | Daily Practice"
"ap-csa-daily-practice","ap-csa-u1-c1-day-25-string-method-edge-cases","MERGE","AP CSA Unit 1 Day 25: String Method Edge Cases | Daily Practice"
"ap-csa-daily-practice","ap-csa-u1-c1-day-26-objects-methods-returns","MERGE","AP CSA Unit 1 Day 26: Objects Methods Returns | Daily Practice"
"ap-csa-daily-practice","ap-csa-u1-c1-day-27-tracing-multiple-ops","MERGE","AP CSA Unit 1 Day 27: Tracing Multiple Ops | Daily Practice"
"ap-csa-daily-practice","ap-csa-u1-c1-day-28-comprehensive-review","MERGE","AP CSA Unit 1 Day 28: Comprehensive Review | Daily Practice"
"ap-csa-daily-practice","ap-csa-u1-c1-day-3-boolean-type-behavior","MERGE","AP CSA Unit 1 Day 3: Boolean Type Behavior | Daily Practice"
"ap-csa-daily-practice","ap-csa-u1-c1-day-4-operator-precedence","MERGE","AP CSA Unit 1 Day 4: Operator Precedence | Daily Practice"
"ap-csa-daily-practice","ap-csa-u1-c1-day-5-modulo-integer-division","MERGE","AP CSA Unit 1 Day 5: Modulo Integer Division | Daily Practice"
"ap-csa-daily-practice","ap-csa-u1-c1-day-6-compound-assignment","MERGE","AP CSA Unit 1 Day 6: Compound Assignment | Daily Practice"
"ap-csa-daily-practice","ap-csa-u1-c1-day-7-increment-decrement-modulo","MERGE","AP CSA Unit 1 Day 7: Increment Decrement Modulo | Daily Practice"
"ap-csa-daily-practice","ap-csa-u1-c1-day-8-casting-double-to-int","MERGE","AP CSA Unit 1 Day 8: Casting Double To Int | Daily Practice"
"ap-csa-daily-practice","ap-csa-u1-c1-day-9-mixed-type-arithmetic","MERGE","AP CSA Unit 1 Day 9: Mixed Type Arithmetic | Daily Practice"
"ap-csa-daily-practice","ap-csa-u1-c2-day-1-tricky-casting","MERGE","AP CSA Unit 1 Day 1: Tricky Casting | Daily Practice"
"ap-csa-daily-practice","ap-csa-u1-c2-day-10-concat-evaluation-order","MERGE","AP CSA Unit 1 Day 10: Concat Evaluation Order | Daily Practice"
"ap-csa-daily-practice","ap-csa-u1-c2-day-11-equals-ignorecase-traps","MERGE","AP CSA Unit 1 Day 11: equals vs equalsIgnoreCase Traps | Daily Practice"
"ap-csa-daily-practice","ap-csa-u1-c2-day-12-error-string-bounds","MERGE","AP CSA Unit 1 Day 12: Error String Bounds | Daily Practice"
"ap-csa-daily-practice","ap-csa-u1-c2-day-13-iii-wrapper-behavior","MERGE","AP CSA Unit 1 Day 13: I/II/III Wrapper Behavior | Daily Practice"
"ap-csa-daily-practice","ap-csa-u1-c2-day-14-math-random-analysis","MERGE","AP CSA Unit 1 Day 14: Math Random Analysis | Daily Practice"
"ap-csa-daily-practice","ap-csa-u1-c2-day-15-complex-string-manipulation","MERGE","AP CSA Unit 1 Day 15: Complex String Manipulation | Daily Practice"
"ap-csa-daily-practice","ap-csa-u1-c2-day-16-casting-precision-loss","MERGE","AP CSA Unit 1 Day 16: Casting Precision Loss | Daily Practice"
"ap-csa-daily-practice","ap-csa-u1-c2-day-17-wrapper-null-safety","MERGE","AP CSA Unit 1 Day 17: Wrapper Null Safety | Daily Practice"
"ap-csa-daily-practice","ap-csa-u1-c2-day-18-multi-concept-cast-div-mod","MERGE","AP CSA Unit 1 Day 18: Multi Concept Cast Div Mod | Daily Practice"
"ap-csa-daily-practice","ap-csa-u1-c2-day-19-error-math-methods","MERGE","AP CSA Unit 1 Day 19: Error Math Methods | Daily Practice"
"ap-csa-daily-practice","ap-csa-u1-c2-day-2-order-ops-mixed-types","MERGE","AP CSA Unit 1 Day 2: Order Ops Mixed Types | Daily Practice"
"ap-csa-daily-practice","ap-csa-u1-c2-day-20-iii-expression-evaluation","MERGE","AP CSA Unit 1 Day 20: I/II/III Expression Evaluation | Daily Practice"
"ap-csa-daily-practice","ap-csa-u1-c2-day-21-string-building-conditionals","MERGE","AP CSA Unit 1 Day 21: String Building Conditionals | Daily Practice"
"ap-csa-daily-practice","ap-csa-u1-c2-day-22-error-type-mismatch","MERGE","AP CSA Unit 1 Day 22: Error Type Mismatch | Daily Practice"
"ap-csa-daily-practice","ap-csa-u1-c2-day-23-compareto-prefix-strings","MERGE","AP CSA Unit 1 Day 23: compareTo Prefix Strings | Daily Practice"
"ap-csa-daily-practice","ap-csa-u1-c2-day-24-complex-return-tracing","MERGE","AP CSA Unit 1 Day 24: Complex Return Tracing | Daily Practice"
"ap-csa-daily-practice","ap-csa-u1-c2-day-25-iii-mixed-concepts","MERGE","AP CSA Unit 1 Day 25: I/II/III Mixed Concepts | Daily Practice"
"ap-csa-daily-practice","ap-csa-u1-c2-day-26-tracing-concat-methods","MERGE","AP CSA Unit 1 Day 26: Tracing Concat Methods | Daily Practice"
"ap-csa-daily-practice","ap-csa-u1-c2-day-27-comprehensive-expression-tracing","MERGE","AP CSA Unit 1 Day 27: Comprehensive Expression Tracing | Daily Practice"
"ap-csa-daily-practice","ap-csa-u1-c2-day-28-comprehensive-final-review","MERGE","AP CSA Unit 1 Day 28: Comprehensive Final Review | Daily Practice"
"ap-csa-daily-practice","ap-csa-u1-c2-day-3-error-spotting-assignment","MERGE","AP CSA Unit 1 Day 3: Error Spotting Assignment | Daily Practice"
"ap-csa-daily-practice","ap-csa-u1-c2-day-4-iii-integer-division","MERGE","AP CSA Unit 1 Day 4: I/II/III Integer Division | Daily Practice"
"ap-csa-daily-practice","ap-csa-u1-c2-day-5-compound-narrowing","MERGE","AP CSA Unit 1 Day 5: Compound Narrowing | Daily Practice"
"ap-csa-daily-practice","ap-csa-u1-c2-day-6-multi-step-reassignment","MERGE","AP CSA Unit 1 Day 6: Multi Step Reassignment | Daily Practice"
"ap-csa-daily-practice","ap-csa-u1-c2-day-7-error-method-calls","MERGE","AP CSA Unit 1 Day 7: Error Method Calls | Daily Practice"
"ap-csa-daily-practice","ap-csa-u1-c2-day-8-iii-string-behavior","MERGE","AP CSA Unit 1 Day 8: I/II/III String Behavior | Daily Practice"
"ap-csa-daily-practice","ap-csa-u1-c2-day-9-nested-method-calls","MERGE","AP CSA Unit 1 Day 9: Nested Method Calls | Daily Practice"
"ap-csa-daily-practice","ap-csa-u2-c1-day-1-boolean-expressions","MERGE","AP CSA Unit 2 Day 1: Boolean Expressions | Daily Practice"
"ap-csa-daily-practice","ap-csa-u2-c1-day-10-comparing-objects","MERGE","AP CSA Unit 2 Day 10: Comparing Objects | Daily Practice"
"ap-csa-daily-practice","ap-csa-u2-c1-day-11-while-loop-basics","MERGE","AP CSA Unit 2 Day 11: While Loop Basics | Daily Practice"
"ap-csa-daily-practice","ap-csa-u2-c1-day-12-while-condition-change","MERGE","AP CSA Unit 2 Day 12: While Condition Change | Daily Practice"
"ap-csa-daily-practice","ap-csa-u2-c1-day-13-infinite-loop","MERGE","AP CSA Unit 2 Day 13: Infinite Loop | Daily Practice"
"ap-csa-daily-practice","ap-csa-u2-c1-day-14-for-loop-tracing","MERGE","AP CSA Unit 2 Day 14: For Loop Tracing | Daily Practice"
"ap-csa-daily-practice","ap-csa-u2-c1-day-15-for-loop-counting","MERGE","AP CSA Unit 2 Day 15: For Loop Counting | Daily Practice"
"ap-csa-daily-practice","ap-csa-u2-c1-day-16-loop-running-max","MERGE","AP CSA Unit 2 Day 16: Loop Running Max | Daily Practice"
"ap-csa-daily-practice","ap-csa-u2-c1-day-17-string-traversal","MERGE","AP CSA Unit 2 Day 17: String Traversal | Daily Practice"
"ap-csa-daily-practice","ap-csa-u2-c1-day-18-string-building-traversal","MERGE","AP CSA Unit 2 Day 18: String Building Traversal | Daily Practice"
"ap-csa-daily-practice","ap-csa-u2-c1-day-19-nested-loop-pattern","MERGE","AP CSA Unit 2 Day 19: Nested Loop Pattern | Daily Practice"
"ap-csa-daily-practice","ap-csa-u2-c1-day-2-relational-operators","MERGE","AP CSA Unit 2 Day 2: Relational Operators | Daily Practice"
"ap-csa-daily-practice","ap-csa-u2-c1-day-20-nested-loop-counting","MERGE","AP CSA Unit 2 Day 20: Nested Loop Counting | Daily Practice"
"ap-csa-daily-practice","ap-csa-u2-c1-day-21-nested-loop-accumulator","MERGE","AP CSA Unit 2 Day 21: Nested Loop Accumulator | Daily Practice"
"ap-csa-daily-practice","ap-csa-u2-c1-day-22-loop-errors","MERGE","AP CSA Unit 2 Day 22: Loop Errors | Daily Practice"
"ap-csa-daily-practice","ap-csa-u2-c1-day-23-if-else-loop","MERGE","AP CSA Unit 2 Day 23: If Else Loop | Daily Practice"
"ap-csa-daily-practice","ap-csa-u2-c1-day-24-while-string-processing","MERGE","AP CSA Unit 2 Day 24: While String Processing | Daily Practice"
"ap-csa-daily-practice","ap-csa-u2-c1-day-25-for-loop-boundary","MERGE","AP CSA Unit 2 Day 25: For Loop Boundary | Daily Practice"
"ap-csa-daily-practice","ap-csa-u2-c1-day-26-demorgans-applied","MERGE","AP CSA Unit 2 Day 26: De Morgan's Applied | Daily Practice"
"ap-csa-daily-practice","ap-csa-u2-c1-day-27-loop-conditional-tracing","MERGE","AP CSA Unit 2 Day 27: Loop Conditional Tracing | Daily Practice"
"ap-csa-daily-practice","ap-csa-u2-c1-day-28-comprehensive-review","MERGE","AP CSA Unit 2 Day 28: Comprehensive Review | Daily Practice"
"ap-csa-daily-practice","ap-csa-u2-c1-day-3-boolean-variables","MERGE","AP CSA Unit 2 Day 3: Boolean Variables | Daily Practice"
"ap-csa-daily-practice","ap-csa-u2-c1-day-4-if-statement","MERGE","AP CSA Unit 2 Day 4: If Statement | Daily Practice"
"ap-csa-daily-practice","ap-csa-u2-c1-day-5-if-else","MERGE","AP CSA Unit 2 Day 5: If Else | Daily Practice"
"ap-csa-daily-practice","ap-csa-u2-c1-day-6-else-if-chain","MERGE","AP CSA Unit 2 Day 6: Else If Chain | Daily Practice"
"ap-csa-daily-practice","ap-csa-u2-c1-day-7-compound-boolean","MERGE","AP CSA Unit 2 Day 7: Compound Boolean | Daily Practice"
"ap-csa-daily-practice","ap-csa-u2-c1-day-8-short-circuit","MERGE","AP CSA Unit 2 Day 8: Short Circuit | Daily Practice"
"ap-csa-daily-practice","ap-csa-u2-c1-day-9-de-morgans-laws","MERGE","AP CSA Unit 2 Day 9: De Morgan's Laws | Daily Practice"
"ap-csa-daily-practice","ap-csa-u2-c2-day-1-nested-if-compound","MERGE","AP CSA Unit 2 Day 1: Nested If Compound | Daily Practice"
"ap-csa-daily-practice","ap-csa-u2-c2-day-10-complex-string-traversal","MERGE","AP CSA Unit 2 Day 10: Complex String Traversal | Daily Practice"
"ap-csa-daily-practice","ap-csa-u2-c2-day-11-error-loop-modify","MERGE","AP CSA Unit 2 Day 11: Error Loop Modify | Daily Practice"
"ap-csa-daily-practice","ap-csa-u2-c2-day-12-while-complex-condition","MERGE","AP CSA Unit 2 Day 12: While Complex Condition | Daily Practice"
"ap-csa-daily-practice","ap-csa-u2-c2-day-13-iii-if-else-outcomes","MERGE","AP CSA Unit 2 Day 13: I/II/III If Else Outcomes | Daily Practice"
"ap-csa-daily-practice","ap-csa-u2-c2-day-14-nested-loop-string","MERGE","AP CSA Unit 2 Day 14: Nested Loop String | Daily Practice"
"ap-csa-daily-practice","ap-csa-u2-c2-day-15-compound-string-conditions","MERGE","AP CSA Unit 2 Day 15: Compound String Conditions | Daily Practice"
"ap-csa-daily-practice","ap-csa-u2-c2-day-16-for-multiple-updates","MERGE","AP CSA Unit 2 Day 16: For Multiple Updates | Daily Practice"
"ap-csa-daily-practice","ap-csa-u2-c2-day-17-error-scope","MERGE","AP CSA Unit 2 Day 17: Error Scope | Daily Practice"
"ap-csa-daily-practice","ap-csa-u2-c2-day-18-nested-conditional-logic","MERGE","AP CSA Unit 2 Day 18: Nested Conditional Logic | Daily Practice"
"ap-csa-daily-practice","ap-csa-u2-c2-day-19-loop-digit-sum","MERGE","AP CSA Unit 2 Day 19: Loop Digit Sum | Daily Practice"
"ap-csa-daily-practice","ap-csa-u2-c2-day-2-demorgans-complex","MERGE","AP CSA Unit 2 Day 2: De Morgan's Complex | Daily Practice"
"ap-csa-daily-practice","ap-csa-u2-c2-day-20-iii-loop-behavior","MERGE","AP CSA Unit 2 Day 20: I/II/III Loop Behavior | Daily Practice"
"ap-csa-daily-practice","ap-csa-u2-c2-day-21-string-conditional-replace","MERGE","AP CSA Unit 2 Day 21: String Conditional Replace | Daily Practice"
"ap-csa-daily-practice","ap-csa-u2-c2-day-22-error-dangling-else","MERGE","AP CSA Unit 2 Day 22: Error Dangling Else | Daily Practice"
"ap-csa-daily-practice","ap-csa-u2-c2-day-23-loop-early-return","MERGE","AP CSA Unit 2 Day 23: Loop Early Return | Daily Practice"
"ap-csa-daily-practice","ap-csa-u2-c2-day-24-complex-nested-trace","MERGE","AP CSA Unit 2 Day 24: Complex Nested Trace | Daily Practice"
"ap-csa-daily-practice","ap-csa-u2-c2-day-25-iii-string-patterns","MERGE","AP CSA Unit 2 Day 25: I/II/III String Patterns | Daily Practice"
"ap-csa-daily-practice","ap-csa-u2-c2-day-26-palindrome-check","MERGE","AP CSA Unit 2 Day 26: Palindrome Check | Daily Practice"
"ap-csa-daily-practice","ap-csa-u2-c2-day-27-complex-conditional-loop","MERGE","AP CSA Unit 2 Day 27: Complex Conditional Loop | Daily Practice"
"ap-csa-daily-practice","ap-csa-u2-c2-day-28-comprehensive-final-review","MERGE","AP CSA Unit 2 Day 28: Comprehensive Final Review | Daily Practice"
"ap-csa-daily-practice","ap-csa-u2-c2-day-3-error-off-by-one","MERGE","AP CSA Unit 2 Day 3: Error Off By One | Daily Practice"
"ap-csa-daily-practice","ap-csa-u2-c2-day-4-iii-loop-equivalence","MERGE","AP CSA Unit 2 Day 4: I/II/III Loop Equivalence | Daily Practice"
"ap-csa-daily-practice","ap-csa-u2-c2-day-5-short-circuit-side-effects","MERGE","AP CSA Unit 2 Day 5: Short Circuit Side Effects | Daily Practice"
"ap-csa-daily-practice","ap-csa-u2-c2-day-6-elseif-vs-sequential","MERGE","AP CSA Unit 2 Day 6: Else-If Vs Sequential | Daily Practice"
"ap-csa-daily-practice","ap-csa-u2-c2-day-7-while-state-tracking","MERGE","AP CSA Unit 2 Day 7: While State Tracking | Daily Practice"
"ap-csa-daily-practice","ap-csa-u2-c2-day-8-iii-boolean-equivalence","MERGE","AP CSA Unit 2 Day 8: I/II/III Boolean Equivalence | Daily Practice"
"ap-csa-daily-practice","ap-csa-u2-c2-day-9-nested-loop-early-exit","MERGE","AP CSA Unit 2 Day 9: Nested Loop Early Exit | Daily Practice"
"ap-csa-daily-practice","ap-csa-u3-c1-day-1-class-anatomy","MERGE","AP CSA Unit 3 Day 1: Class Anatomy | Daily Practice"
"ap-csa-daily-practice","ap-csa-u3-c1-day-10-this-keyword","MERGE","AP CSA Unit 3 Day 10: This Keyword | Daily Practice"
"ap-csa-daily-practice","ap-csa-u3-c1-day-11-inheritance-basics","MERGE","AP CSA Unit 3 Day 11: Inheritance Basics | Daily Practice"
"ap-csa-daily-practice","ap-csa-u3-c1-day-12-super-constructor","MERGE","AP CSA Unit 3 Day 12: Super Constructor | Daily Practice"
"ap-csa-daily-practice","ap-csa-u3-c1-day-13-overriding-methods","MERGE","AP CSA Unit 3 Day 13: Overriding Methods | Daily Practice"
"ap-csa-daily-practice","ap-csa-u3-c1-day-14-polymorphic-references","MERGE","AP CSA Unit 3 Day 14: Polymorphic References | Daily Practice"
"ap-csa-daily-practice","ap-csa-u3-c1-day-15-polymorphism-method-calls","MERGE","AP CSA Unit 3 Day 15: Polymorphism Method Calls | Daily Practice"
"ap-csa-daily-practice","ap-csa-u3-c1-day-16-tostring-equals","MERGE","AP CSA Unit 3 Day 16: toString Equals | Daily Practice"
"ap-csa-daily-practice","ap-csa-u3-c1-day-17-encapsulation","MERGE","AP CSA Unit 3 Day 17: Encapsulation | Daily Practice"
"ap-csa-daily-practice","ap-csa-u3-c1-day-18-method-design","MERGE","AP CSA Unit 3 Day 18: Method Design | Daily Practice"
"ap-csa-daily-practice","ap-csa-u3-c1-day-19-method-interaction","MERGE","AP CSA Unit 3 Day 19: Method Interaction | Daily Practice"
"ap-csa-daily-practice","ap-csa-u3-c1-day-2-constructor-overloading","MERGE","AP CSA Unit 3 Day 2: Constructor Overloading | Daily Practice"
"ap-csa-daily-practice","ap-csa-u3-c1-day-20-calling-super-methods","MERGE","AP CSA Unit 3 Day 20: Calling Super Methods | Daily Practice"
"ap-csa-daily-practice","ap-csa-u3-c1-day-21-constructor-chaining","MERGE","AP CSA Unit 3 Day 21: Constructor Chaining | Daily Practice"
"ap-csa-daily-practice","ap-csa-u3-c1-day-22-polymorphism-arrays","MERGE","AP CSA Unit 3 Day 22: Polymorphism Arrays | Daily Practice"
"ap-csa-daily-practice","ap-csa-u3-c1-day-23-comparing-objects-same-class","MERGE","AP CSA Unit 3 Day 23: Comparing Objects Same Class | Daily Practice"
"ap-csa-daily-practice","ap-csa-u3-c1-day-24-complete-class","MERGE","AP CSA Unit 3 Day 24: Complete Class | Daily Practice"
"ap-csa-daily-practice","ap-csa-u3-c1-day-25-inheritance-method-availability","MERGE","AP CSA Unit 3 Day 25: Inheritance Method Availability | Daily Practice"
"ap-csa-daily-practice","ap-csa-u3-c1-day-26-constructor-method-tracing","MERGE","AP CSA Unit 3 Day 26: Constructor Method Tracing | Daily Practice"
"ap-csa-daily-practice","ap-csa-u3-c1-day-27-inheritance-tracing","MERGE","AP CSA Unit 3 Day 27: Inheritance Tracing | Daily Practice"
"ap-csa-daily-practice","ap-csa-u3-c1-day-28-comprehensive-review","MERGE","AP CSA Unit 3 Day 28: Comprehensive Review | Daily Practice"
"ap-csa-daily-practice","ap-csa-u3-c1-day-3-constructor-param-vs-field","MERGE","AP CSA Unit 3 Day 3: Constructor Param Vs Field | Daily Practice"
"ap-csa-daily-practice","ap-csa-u3-c1-day-4-accessor-methods","MERGE","AP CSA Unit 3 Day 4: Accessor Methods | Daily Practice"
"ap-csa-daily-practice","ap-csa-u3-c1-day-5-mutator-methods","MERGE","AP CSA Unit 3 Day 5: Mutator Methods | Daily Practice"
"ap-csa-daily-practice","ap-csa-u3-c1-day-6-methods-with-params","MERGE","AP CSA Unit 3 Day 6: Methods With Params | Daily Practice"
"ap-csa-daily-practice","ap-csa-u3-c1-day-7-static-vs-instance","MERGE","AP CSA Unit 3 Day 7: Static Vs Instance | Daily Practice"
"ap-csa-daily-practice","ap-csa-u3-c1-day-8-static-methods","MERGE","AP CSA Unit 3 Day 8: Static Methods | Daily Practice"
"ap-csa-daily-practice","ap-csa-u3-c1-day-9-scope-access","MERGE","AP CSA Unit 3 Day 9: Scope Access | Daily Practice"
"ap-csa-daily-practice","ap-csa-u3-c2-day-1-iii-constructor-behavior","MERGE","AP CSA Unit 3 Day 1: I/II/III Constructor Behavior | Daily Practice"
"ap-csa-daily-practice","ap-csa-u3-c2-day-10-what-to-override","MERGE","AP CSA Unit 3 Day 10: What To Override | Daily Practice"
"ap-csa-daily-practice","ap-csa-u3-c2-day-11-complex-polymorphism","MERGE","AP CSA Unit 3 Day 11: Complex Polymorphism | Daily Practice"
"ap-csa-daily-practice","ap-csa-u3-c2-day-12-equals-override","MERGE","AP CSA Unit 3 Day 12: Equals Override | Daily Practice"
"ap-csa-daily-practice","ap-csa-u3-c2-day-13-iii-static-behavior","MERGE","AP CSA Unit 3 Day 13: I/II/III Static Behavior | Daily Practice"
"ap-csa-daily-practice","ap-csa-u3-c2-day-14-multi-level-override","MERGE","AP CSA Unit 3 Day 14: Multi Level Override | Daily Practice"
"ap-csa-daily-practice","ap-csa-u3-c2-day-15-polymorphic-array-processing","MERGE","AP CSA Unit 3 Day 15: Polymorphic Array Processing | Daily Practice"
"ap-csa-daily-practice","ap-csa-u3-c2-day-16-constructor-validation","MERGE","AP CSA Unit 3 Day 16: Constructor Validation | Daily Practice"
"ap-csa-daily-practice","ap-csa-u3-c2-day-17-super-tostring","MERGE","AP CSA Unit 3 Day 17: Super toString | Daily Practice"
"ap-csa-daily-practice","ap-csa-u3-c2-day-18-scope-error-local-instance","MERGE","AP CSA Unit 3 Day 18: Scope Error Local Instance | Daily Practice"
"ap-csa-daily-practice","ap-csa-u3-c2-day-19-iii-encapsulation","MERGE","AP CSA Unit 3 Day 19: I/II/III Encapsulation | Daily Practice"
"ap-csa-daily-practice","ap-csa-u3-c2-day-2-error-missing-super","MERGE","AP CSA Unit 3 Day 2: Error Missing Super | Daily Practice"
"ap-csa-daily-practice","ap-csa-u3-c2-day-20-polymorphism-object-sort","MERGE","AP CSA Unit 3 Day 20: Polymorphism Object Sort | Daily Practice"
"ap-csa-daily-practice","ap-csa-u3-c2-day-21-method-object-param","MERGE","AP CSA Unit 3 Day 21: Method Object Param | Daily Practice"
"ap-csa-daily-practice","ap-csa-u3-c2-day-22-error-incorrect-override","MERGE","AP CSA Unit 3 Day 22: Error Incorrect Override | Daily Practice"
"ap-csa-daily-practice","ap-csa-u3-c2-day-23-constructor-chain-super","MERGE","AP CSA Unit 3 Day 23: Constructor Chain Super | Daily Practice"
"ap-csa-daily-practice","ap-csa-u3-c2-day-24-mutable-reference-return","MERGE","AP CSA Unit 3 Day 24: Mutable Reference Return | Daily Practice"
"ap-csa-daily-practice","ap-csa-u3-c2-day-25-polymorphism-multiple-calls","MERGE","AP CSA Unit 3 Day 25: Polymorphism Multiple Calls | Daily Practice"
"ap-csa-daily-practice","ap-csa-u3-c2-day-26-class-collection-field","MERGE","AP CSA Unit 3 Day 26: Class Collection Field | Daily Practice"
"ap-csa-daily-practice","ap-csa-u3-c2-day-27-comprehensive-inheritance","MERGE","AP CSA Unit 3 Day 27: Comprehensive Inheritance | Daily Practice"
"ap-csa-daily-practice","ap-csa-u3-c2-day-28-comprehensive-final","MERGE","AP CSA Unit 3 Day 28: Comprehensive Final | Daily Practice"
"ap-csa-daily-practice","ap-csa-u3-c2-day-3-compile-vs-runtime","MERGE","AP CSA Unit 3 Day 3: Compile Vs Runtime | Daily Practice"
"ap-csa-daily-practice","ap-csa-u3-c2-day-4-this-method-chaining","MERGE","AP CSA Unit 3 Day 4: This Method Chaining | Daily Practice"
"ap-csa-daily-practice","ap-csa-u3-c2-day-5-static-instance-error","MERGE","AP CSA Unit 3 Day 5: Static Instance Error | Daily Practice"
"ap-csa-daily-practice","ap-csa-u3-c2-day-6-override-vs-overload","MERGE","AP CSA Unit 3 Day 6: Override Vs Overload | Daily Practice"
"ap-csa-daily-practice","ap-csa-u3-c2-day-7-iii-inheritance-rules","MERGE","AP CSA Unit 3 Day 7: I/II/III Inheritance Rules | Daily Practice"
"ap-csa-daily-practice","ap-csa-u3-c2-day-8-polymorphism-tostring","MERGE","AP CSA Unit 3 Day 8: Polymorphism toString | Daily Practice"
"ap-csa-daily-practice","ap-csa-u3-c2-day-9-error-private-parent","MERGE","AP CSA Unit 3 Day 9: Error Private Parent | Daily Practice"
"ap-csa-daily-practice","ap-csa-u4-c1-day-1-array-declaration","MERGE","AP CSA Unit 4 Day 1: Array Declaration | Daily Practice"
"ap-csa-daily-practice","ap-csa-u4-c1-day-10-arraylist-basics","MERGE","AP CSA Unit 4 Day 10: ArrayList Basics | Daily Practice"
"ap-csa-daily-practice","ap-csa-u4-c1-day-11-arraylist-remove","MERGE","AP CSA Unit 4 Day 11: ArrayList Remove | Daily Practice"
"ap-csa-daily-practice","ap-csa-u4-c1-day-12-arraylist-set-get","MERGE","AP CSA Unit 4 Day 12: ArrayList Set Get | Daily Practice"
"ap-csa-daily-practice","ap-csa-u4-c1-day-13-arraylist-traversal-removal","MERGE","AP CSA Unit 4 Day 13: ArrayList Traversal Removal | Daily Practice"
"ap-csa-daily-practice","ap-csa-u4-c1-day-14-arraylist-from-array","MERGE","AP CSA Unit 4 Day 14: ArrayList From Array | Daily Practice"
"ap-csa-daily-practice","ap-csa-u4-c1-day-15-forward-removal-bug","MERGE","AP CSA Unit 4 Day 15: Forward Removal Bug | Daily Practice"
"ap-csa-daily-practice","ap-csa-u4-c1-day-16-linear-search","MERGE","AP CSA Unit 4 Day 16: Linear Search | Daily Practice"
"ap-csa-daily-practice","ap-csa-u4-c1-day-17-binary-search","MERGE","AP CSA Unit 4 Day 17: Binary Search | Daily Practice"
"ap-csa-daily-practice","ap-csa-u4-c1-day-18-selection-sort","MERGE","AP CSA Unit 4 Day 18: Selection Sort | Daily Practice"
"ap-csa-daily-practice","ap-csa-u4-c1-day-19-insertion-sort","MERGE","AP CSA Unit 4 Day 19: Insertion Sort | Daily Practice"
"ap-csa-daily-practice","ap-csa-u4-c1-day-2-array-initializer","MERGE","AP CSA Unit 4 Day 2: Array Initializer | Daily Practice"
"ap-csa-daily-practice","ap-csa-u4-c1-day-20-comparing-sorts","MERGE","AP CSA Unit 4 Day 20: Comparing Sorts | Daily Practice"
"ap-csa-daily-practice","ap-csa-u4-c1-day-21-2d-array-basics","MERGE","AP CSA Unit 4 Day 21: 2D Array Basics | Daily Practice"
"ap-csa-daily-practice","ap-csa-u4-c1-day-22-2d-row-traversal","MERGE","AP CSA Unit 4 Day 22: 2D Row Traversal | Daily Practice"
"ap-csa-daily-practice","ap-csa-u4-c1-day-23-2d-column-traversal","MERGE","AP CSA Unit 4 Day 23: 2D Column Traversal | Daily Practice"
"ap-csa-daily-practice","ap-csa-u4-c1-day-24-2d-row-sums","MERGE","AP CSA Unit 4 Day 24: 2D Row Sums | Daily Practice"
"ap-csa-daily-practice","ap-csa-u4-c1-day-25-2d-counting","MERGE","AP CSA Unit 4 Day 25: 2D Counting | Daily Practice"
"ap-csa-daily-practice","ap-csa-u4-c1-day-26-array-vs-arraylist","MERGE","AP CSA Unit 4 Day 26: Array Vs ArrayList | Daily Practice"
"ap-csa-daily-practice","ap-csa-u4-c1-day-27-mixed-algorithms","MERGE","AP CSA Unit 4 Day 27: Mixed Algorithms | Daily Practice"
"ap-csa-daily-practice","ap-csa-u4-c1-day-28-comprehensive-review","MERGE","AP CSA Unit 4 Day 28: Comprehensive Review | Daily Practice"
"ap-csa-daily-practice","ap-csa-u4-c1-day-3-array-bounds","MERGE","AP CSA Unit 4 Day 3: Array Bounds | Daily Practice"
"ap-csa-daily-practice","ap-csa-u4-c1-day-4-for-loop-traversal","MERGE","AP CSA Unit 4 Day 4: For Loop Traversal | Daily Practice"
"ap-csa-daily-practice","ap-csa-u4-c1-day-5-enhanced-for","MERGE","AP CSA Unit 4 Day 5: Enhanced For | Daily Practice"
"ap-csa-daily-practice","ap-csa-u4-c1-day-6-enhanced-for-modify","MERGE","AP CSA Unit 4 Day 6: Enhanced For Modify | Daily Practice"
"ap-csa-daily-practice","ap-csa-u4-c1-day-7-finding-max","MERGE","AP CSA Unit 4 Day 7: Finding Max | Daily Practice"
"ap-csa-daily-practice","ap-csa-u4-c1-day-8-counting-matches","MERGE","AP CSA Unit 4 Day 8: Counting Matches | Daily Practice"
"ap-csa-daily-practice","ap-csa-u4-c1-day-9-shifting-elements","MERGE","AP CSA Unit 4 Day 9: Shifting Elements | Daily Practice"
"ap-csa-daily-practice","ap-csa-u4-c2-day-1-array-aliasing-trap","MERGE","AP CSA Unit 4 Day 1: Array Aliasing Trap | Daily Practice"
"ap-csa-daily-practice","ap-csa-u4-c2-day-10-2d-diagonal","MERGE","AP CSA Unit 4 Day 10: 2D Diagonal | Daily Practice"
"ap-csa-daily-practice","ap-csa-u4-c2-day-11-iii-arraylist-ops","MERGE","AP CSA Unit 4 Day 11: I/II/III ArrayList Ops | Daily Practice"
"ap-csa-daily-practice","ap-csa-u4-c2-day-12-2d-column-sum","MERGE","AP CSA Unit 4 Day 12: 2D Column Sum | Daily Practice"
"ap-csa-daily-practice","ap-csa-u4-c2-day-13-reverse-in-place","MERGE","AP CSA Unit 4 Day 13: Reverse In Place | Daily Practice"
"ap-csa-daily-practice","ap-csa-u4-c2-day-14-removing-duplicates","MERGE","AP CSA Unit 4 Day 14: Removing Duplicates | Daily Practice"
"ap-csa-daily-practice","ap-csa-u4-c2-day-15-2d-border","MERGE","AP CSA Unit 4 Day 15: 2D Border | Daily Practice"
"ap-csa-daily-practice","ap-csa-u4-c2-day-16-frequency-table","MERGE","AP CSA Unit 4 Day 16: Frequency Table | Daily Practice"
"ap-csa-daily-practice","ap-csa-u4-c2-day-17-compareto-sorting","MERGE","AP CSA Unit 4 Day 17: compareTo Sorting | Daily Practice"
"ap-csa-daily-practice","ap-csa-u4-c2-day-18-2d-transpose","MERGE","AP CSA Unit 4 Day 18: 2D Transpose | Daily Practice"
"ap-csa-daily-practice","ap-csa-u4-c2-day-19-iii-search-sort","MERGE","AP CSA Unit 4 Day 19: I/II/III Search Sort | Daily Practice"
"ap-csa-daily-practice","ap-csa-u4-c2-day-2-iii-traversal-patterns","MERGE","AP CSA Unit 4 Day 2: I/II/III Traversal Patterns | Daily Practice"
"ap-csa-daily-practice","ap-csa-u4-c2-day-20-merge-sorted","MERGE","AP CSA Unit 4 Day 20: Merge Sorted | Daily Practice"
"ap-csa-daily-practice","ap-csa-u4-c2-day-21-2d-linear-search","MERGE","AP CSA Unit 4 Day 21: 2D Linear Search | Daily Practice"
"ap-csa-daily-practice","ap-csa-u4-c2-day-22-type-safety","MERGE","AP CSA Unit 4 Day 22: Type Safety | Daily Practice"
"ap-csa-daily-practice","ap-csa-u4-c2-day-23-broken-reversal","MERGE","AP CSA Unit 4 Day 23: Broken Reversal | Daily Practice"
"ap-csa-daily-practice","ap-csa-u4-c2-day-24-consecutive-duplicates","MERGE","AP CSA Unit 4 Day 24: Consecutive Duplicates | Daily Practice"
"ap-csa-daily-practice","ap-csa-u4-c2-day-25-2d-checkerboard","MERGE","AP CSA Unit 4 Day 25: 2D Checkerboard | Daily Practice"
"ap-csa-daily-practice","ap-csa-u4-c2-day-26-2d-to-arraylist","MERGE","AP CSA Unit 4 Day 26: 2D To ArrayList | Daily Practice"
"ap-csa-daily-practice","ap-csa-u4-c2-day-27-counting-ascending","MERGE","AP CSA Unit 4 Day 27: Counting Ascending | Daily Practice"
"ap-csa-daily-practice","ap-csa-u4-c2-day-28-comprehensive-final","MERGE","AP CSA Unit 4 Day 28: Comprehensive Final | Daily Practice"
"ap-csa-daily-practice","ap-csa-u4-c2-day-3-off-by-one-adjacent","MERGE","AP CSA Unit 4 Day 3: Off By One Adjacent | Daily Practice"
"ap-csa-daily-practice","ap-csa-u4-c2-day-4-integer-removal","MERGE","AP CSA Unit 4 Day 4: Integer Removal | Daily Practice"
"ap-csa-daily-practice","ap-csa-u4-c2-day-5-concurrent-modification","MERGE","AP CSA Unit 4 Day 5: Concurrent Modification | Daily Practice"
"ap-csa-daily-practice","ap-csa-u4-c2-day-6-binary-search-precondition","MERGE","AP CSA Unit 4 Day 6: Binary Search Precondition | Daily Practice"
"ap-csa-daily-practice","ap-csa-u4-c2-day-7-selection-sort-trace","MERGE","AP CSA Unit 4 Day 7: Selection Sort Trace | Daily Practice"
"ap-csa-daily-practice","ap-csa-u4-c2-day-8-insertion-sort-worst","MERGE","AP CSA Unit 4 Day 8: Insertion Sort Worst | Daily Practice"
"ap-csa-daily-practice","ap-csa-u4-c2-day-9-while-removal","MERGE","AP CSA Unit 4 Day 9: While Removal | Daily Practice"
"ap-csa-daily-practice","unit-1-cycle-2-day-1-string-concatenation-order","MERGE","AP CSA Unit 1 Day 1: String Concatenation Order | Daily Practice"
"ap-csa-daily-practice","unit-1-cycle-2-day-10-reassigning-object-parameter","MERGE","AP CSA Unit 1 Day 10: Reassigning Object Parameter | Daily Practice"
"ap-csa-daily-practice","unit-1-cycle-2-day-11-string-literals-and","MERGE","AP CSA Unit 1 Day 11: String Literals And | Daily Practice"
"ap-csa-daily-practice","unit-1-cycle-2-day-12-substring-pieces-concatenation","MERGE","AP CSA Unit 1 Day 12: Substring Pieces Concatenation | Daily Practice"
"ap-csa-daily-practice","unit-1-cycle-2-day-13-nested-method-calls","MERGE","AP CSA Unit 1 Day 13: Nested Method Calls | Daily Practice"
"ap-csa-daily-practice","unit-1-cycle-2-day-14-indexof-substring-computed-indices","MERGE","AP CSA Unit 1 Day 14: indexOf Substring Computed Indices | Daily Practice"
"ap-csa-daily-practice","unit-1-cycle-2-day-15-object-state-change","MERGE","AP CSA Unit 1 Day 15: Object State Change | Daily Practice"
"ap-csa-daily-practice","unit-1-cycle-2-day-16-repeated-method-calls-mutate-object-state","MERGE","AP CSA Unit 1 Day 16: Repeated Method Calls Mutate Object State | Daily Practice"
"ap-csa-daily-practice","unit-1-cycle-2-day-17-math-random-with-constrained-values","MERGE","AP CSA Unit 1 Day 17: Math Random With Constrained Values | Daily Practice"
"ap-csa-daily-practice","unit-1-cycle-2-day-18-math-pow-returns-double","MERGE","AP CSA Unit 1 Day 18: Math Pow Returns Double | Daily Practice"
"ap-csa-daily-practice","unit-1-cycle-2-day-19-math-pow-then-cast-to-int","MERGE","AP CSA Unit 1 Day 19: Math Pow Then Cast To Int | Daily Practice"
"ap-csa-daily-practice","unit-1-cycle-2-day-2-substringstartend-indexing","MERGE","AP CSA Unit 1 Day 2: substring(start,end) Indexing | Daily Practice"
"ap-csa-daily-practice","unit-1-cycle-2-day-20-string-touppercase","MERGE","AP CSA Unit 1 Day 20: String toUpperCase | Daily Practice"
"ap-csa-daily-practice","unit-1-cycle-2-day-21-aliasing-two-references-to-same-object","MERGE","AP CSA Unit 1 Day 21: Aliasing Two References To Same Object | Daily Practice"
"ap-csa-daily-practice","unit-1-cycle-2-day-22-distinct-objects-with-same-state","MERGE","AP CSA Unit 1 Day 22: Distinct Objects With Same State | Daily Practice"
"ap-csa-daily-practice","unit-1-cycle-2-day-23-pass-by-value-for-primitives","MERGE","AP CSA Unit 1 Day 23: Pass By Value For Primitives | Daily Practice"
"ap-csa-daily-practice","unit-1-cycle-2-day-24-capturing-return-value-updates-variable","MERGE","AP CSA Unit 1 Day 24: Capturing Return Value Updates Variable | Daily Practice"
"ap-csa-daily-practice","unit-1-cycle-2-day-25-string-immutability","MERGE","AP CSA Unit 1 Day 25: String Immutability | Daily Practice"
"ap-csa-daily-practice","unit-1-cycle-2-day-26-reassigning-string-method-result","MERGE","AP CSA Unit 1 Day 26: Reassigning String Method Result | Daily Practice"
"ap-csa-daily-practice","unit-1-cycle-2-day-27-passing-object-to-method-mutates-state","MERGE","AP CSA Unit 1 Day 27: Passing Object To Method Mutates State | Daily Practice"
"ap-csa-daily-practice","unit-1-cycle-2-day-28-string-length-string-concatenation","MERGE","AP CSA Unit 1 Day 28: String Length String Concatenation | Daily Practice"
"ap-csa-daily-practice","unit-1-cycle-2-day-3-indexofstring-first-occurrence","MERGE","AP CSA Unit 1 Day 3: indexOf(String) First Occurrence | Daily Practice"
"ap-csa-daily-practice","unit-1-cycle-2-day-4-string-vs-equals-with-new-string","MERGE","AP CSA Unit 1 Day 4: String Vs Equals With New String | Daily Practice"
"ap-csa-daily-practice","unit-1-cycle-2-day-5-method-composition-tracing","MERGE","AP CSA Unit 1 Day 5: Method Composition Tracing | Daily Practice"
"ap-csa-daily-practice","unit-1-cycle-2-day-6-math-random-range-mapping","MERGE","AP CSA Unit 1 Day 6: Math Random Range Mapping | Daily Practice"
"ap-csa-daily-practice","unit-1-cycle-2-day-7-object-state-over-time-via-methods","MERGE","AP CSA Unit 1 Day 7: Object State Over Time Via Methods | Daily Practice"
"ap-csa-daily-practice","unit-1-cycle-2-day-8-substring-with-length-based-indices","MERGE","AP CSA Unit 1 Day 8: Substring With Length Based Indices | Daily Practice"
"ap-csa-daily-practice","unit-1-cycle-2-day-9-substringlength-3-last-3-chars","MERGE","AP CSA Unit 1 Day 9: substring(length-3) Last 3 Chars | Daily Practice"
"ap-csa-daily-practice","unit-2-cycle-2-day-1-boolean-algebra-equivalence","MERGE","AP CSA Unit 2 Day 1: Boolean Algebra Equivalence | Daily Practice"
"ap-csa-daily-practice","unit-2-cycle-2-day-10-iteration-accumulation","MERGE","AP CSA Unit 2 Day 10: Iteration Accumulation | Daily Practice"
"ap-csa-daily-practice","unit-2-cycle-2-day-11-iteration-nested-loop-count","MERGE","AP CSA Unit 2 Day 11: Iteration Nested Loop Count | Daily Practice"
"ap-csa-daily-practice","unit-2-cycle-2-day-12-debugging-loop-condition","MERGE","AP CSA Unit 2 Day 12: Debugging Loop Condition | Daily Practice"
"ap-csa-daily-practice","unit-2-cycle-2-day-13-iteration-break","MERGE","AP CSA Unit 2 Day 13: Iteration Break | Daily Practice"
"ap-csa-daily-practice","unit-2-cycle-2-day-14-iteration-selection-filtering","MERGE","AP CSA Unit 2 Day 14: Iteration Selection Filtering | Daily Practice"
"ap-csa-daily-practice","unit-2-cycle-2-day-15-boolean-algebra-equivalence","MERGE","AP CSA Unit 2 Day 15: Boolean Algebra Equivalence | Daily Practice"
"ap-csa-daily-practice","unit-2-cycle-2-day-16-selection-if-else-if-boundary","MERGE","AP CSA Unit 2 Day 16: Selection If Else If Boundary | Daily Practice"
"ap-csa-daily-practice","unit-2-cycle-2-day-17-boolean-precedence-andand-with","MERGE","AP CSA Unit 2 Day 17: Boolean Precedence (&& with ||) | Daily Practice"
"ap-csa-daily-practice","unit-2-cycle-2-day-18-iteration-for-loop-count","MERGE","AP CSA Unit 2 Day 18: Iteration For Loop Count | Daily Practice"
"ap-csa-daily-practice","unit-2-cycle-2-day-19-iteration-while-loop-growth","MERGE","AP CSA Unit 2 Day 19: Iteration While Loop Growth | Daily Practice"
"ap-csa-daily-practice","unit-2-cycle-2-day-2-selection-if-else-if","MERGE","AP CSA Unit 2 Day 2: Selection If Else If | Daily Practice"
"ap-csa-daily-practice","unit-2-cycle-2-day-20-iteration-accumulation","MERGE","AP CSA Unit 2 Day 20: Iteration Accumulation | Daily Practice"
"ap-csa-daily-practice","unit-2-cycle-2-day-21-iteration-break","MERGE","AP CSA Unit 2 Day 21: Iteration Break | Daily Practice"
"ap-csa-daily-practice","unit-2-cycle-2-day-22-iteration-continue","MERGE","AP CSA Unit 2 Day 22: Iteration Continue | Daily Practice"
"ap-csa-daily-practice","unit-2-cycle-2-day-23-iteration-while-loop-tracing","MERGE","AP CSA Unit 2 Day 23: Iteration While Loop Tracing | Daily Practice"
"ap-csa-daily-practice","unit-2-cycle-2-day-24-iteration-nested-loop-count","MERGE","AP CSA Unit 2 Day 24: Iteration Nested Loop Count | Daily Practice"
"ap-csa-daily-practice","unit-2-cycle-2-day-25-iteration-selection-nested-condition","MERGE","AP CSA Unit 2 Day 25: Iteration Selection Nested Condition | Daily Practice"
"ap-csa-daily-practice","unit-2-cycle-2-day-26-iteration-break-in-nested-loops","MERGE","AP CSA Unit 2 Day 26: Iteration Break In Nested Loops | Daily Practice"
"ap-csa-daily-practice","unit-2-cycle-2-day-27-iteration-selection-nested-filtering","MERGE","AP CSA Unit 2 Day 27: Iteration Selection Nested Filtering | Daily Practice"
"ap-csa-daily-practice","unit-2-cycle-2-day-28-iteration-nested-loop-accumulation","MERGE","AP CSA Unit 2 Day 28: Iteration Nested Loop Accumulation | Daily Practice"
"ap-csa-daily-practice","unit-2-cycle-2-day-3-short-circuit-logic","MERGE","AP CSA Unit 2 Day 3: Short Circuit Logic | Daily Practice"
"ap-csa-daily-practice","unit-2-cycle-2-day-4-selection-nested-if-else","MERGE","AP CSA Unit 2 Day 4: Selection Nested If Else | Daily Practice"
"ap-csa-daily-practice","unit-2-cycle-2-day-5-boolean-precedence-andand-before","MERGE","AP CSA Unit 2 Day 5: Boolean Precedence (&& before ||) | Daily Practice"
"ap-csa-daily-practice","unit-2-cycle-2-day-6-selection-range-check","MERGE","AP CSA Unit 2 Day 6: Selection Range Check | Daily Practice"
"ap-csa-daily-practice","unit-2-cycle-2-day-7-selection-two-separate-if-statements","MERGE","AP CSA Unit 2 Day 7: Selection Two Separate If Statements | Daily Practice"
"ap-csa-daily-practice","unit-2-cycle-2-day-8-iteration-for-loop-count","MERGE","AP CSA Unit 2 Day 8: Iteration For Loop Count | Daily Practice"
"ap-csa-daily-practice","unit-2-cycle-2-day-9-iteration-while-loop-tracing","MERGE","AP CSA Unit 2 Day 9: Iteration While Loop Tracing | Daily Practice"
"ap-csa-daily-practice","unit-3-cycle-2-day-1-constructor-overloading","MERGE","AP CSA Unit 3 Day 1: Constructor Overloading | Daily Practice"
"ap-csa-daily-practice","unit-3-cycle-2-day-10-method-overriding-rules","MERGE","AP CSA Unit 3 Day 10: Method Overriding Rules | Daily Practice"
"ap-csa-daily-practice","unit-3-cycle-2-day-11-mutator-method","MERGE","AP CSA Unit 3 Day 11: Mutator Method | Daily Practice"
"ap-csa-daily-practice","unit-3-cycle-2-day-12-object-equality","MERGE","AP CSA Unit 3 Day 12: Object Equality | Daily Practice"
"ap-csa-daily-practice","unit-3-cycle-2-day-13-super-keyword","MERGE","AP CSA Unit 3 Day 13: Super Keyword | Daily Practice"
"ap-csa-daily-practice","unit-3-cycle-2-day-14-constructor-parameter-validation","MERGE","AP CSA Unit 3 Day 14: Constructor Parameter Validation | Daily Practice"
"ap-csa-daily-practice","unit-3-cycle-2-day-15-polymorphism","MERGE","AP CSA Unit 3 Day 15: Polymorphism | Daily Practice"
"ap-csa-daily-practice","unit-3-cycle-2-day-16-tostring-override","MERGE","AP CSA Unit 3 Day 16: toString Override | Daily Practice"
"ap-csa-daily-practice","unit-3-cycle-2-day-17-constructor-default-values","MERGE","AP CSA Unit 3 Day 17: Constructor Default Values | Daily Practice"
"ap-csa-daily-practice","unit-3-cycle-2-day-18-private-vs-public","MERGE","AP CSA Unit 3 Day 18: Private Vs Public | Daily Practice"
"ap-csa-daily-practice","unit-3-cycle-2-day-19-method-overriding-vs-overloading","MERGE","AP CSA Unit 3 Day 19: Method Overriding Vs Overloading | Daily Practice"
"ap-csa-daily-practice","unit-3-cycle-2-day-2-instance-vs-static","MERGE","AP CSA Unit 3 Day 2: Instance Vs Static | Daily Practice"
"ap-csa-daily-practice","unit-3-cycle-2-day-20-inheritance-access","MERGE","AP CSA Unit 3 Day 20: Inheritance Access | Daily Practice"
"ap-csa-daily-practice","unit-3-cycle-2-day-21-null-reference","MERGE","AP CSA Unit 3 Day 21: Null Reference | Daily Practice"
"ap-csa-daily-practice","unit-3-cycle-2-day-22-this-in-constructors","MERGE","AP CSA Unit 3 Day 22: This In Constructors | Daily Practice"
"ap-csa-daily-practice","unit-3-cycle-2-day-23-static-method-calling","MERGE","AP CSA Unit 3 Day 23: Static Method Calling | Daily Practice"
"ap-csa-daily-practice","unit-3-cycle-2-day-24-constructor-no-return","MERGE","AP CSA Unit 3 Day 24: Constructor No Return | Daily Practice"
"ap-csa-daily-practice","unit-3-cycle-2-day-25-super-call","MERGE","AP CSA Unit 3 Day 25: Super Call | Daily Practice"
"ap-csa-daily-practice","unit-3-cycle-2-day-26-object-class","MERGE","AP CSA Unit 3 Day 26: Object Class | Daily Practice"
"ap-csa-daily-practice","unit-3-cycle-2-day-27-encapsulation-violation","MERGE","AP CSA Unit 3 Day 27: Encapsulation Violation | Daily Practice"
"ap-csa-daily-practice","unit-3-cycle-2-day-28-polymorphic-array","MERGE","AP CSA Unit 3 Day 28: Polymorphic Array | Daily Practice"
"ap-csa-daily-practice","unit-3-cycle-2-day-3-accessor-method-side-effects","MERGE","AP CSA Unit 3 Day 3: Accessor Method Side Effects | Daily Practice"
"ap-csa-daily-practice","unit-3-cycle-2-day-4-method-overriding","MERGE","AP CSA Unit 3 Day 4: Method Overriding | Daily Practice"
"ap-csa-daily-practice","unit-3-cycle-2-day-5-constructor-chaining","MERGE","AP CSA Unit 3 Day 5: Constructor Chaining | Daily Practice"
"ap-csa-daily-practice","unit-3-cycle-2-day-6-this-keyword","MERGE","AP CSA Unit 3 Day 6: This Keyword | Daily Practice"
"ap-csa-daily-practice","unit-3-cycle-2-day-7-scope-and-access","MERGE","AP CSA Unit 3 Day 7: Scope And Access | Daily Practice"
"ap-csa-daily-practice","unit-3-cycle-2-day-8-static-method-restrictions","MERGE","AP CSA Unit 3 Day 8: Static Method Restrictions | Daily Practice"
"ap-csa-daily-practice","unit-3-cycle-2-day-9-inheritance-constructor-calls","MERGE","AP CSA Unit 3 Day 9: Inheritance Constructor Calls | Daily Practice"
"ap-csa-daily-practice","unit-4-cycle-2-day-1-array-initialization","MERGE","AP CSA Unit 4 Day 1: Array Initialization | Daily Practice"
"ap-csa-daily-practice","unit-4-cycle-2-day-10-array-algorithm-find-maximum","MERGE","AP CSA Unit 4 Day 10: Array Algorithm Find Maximum | Daily Practice"
"ap-csa-daily-practice","unit-4-cycle-2-day-11-arraylist-add-with-index","MERGE","AP CSA Unit 4 Day 11: ArrayList Add With Index | Daily Practice"
"ap-csa-daily-practice","unit-4-cycle-2-day-12-array-out-of-bounds","MERGE","AP CSA Unit 4 Day 12: Array Out Of Bounds | Daily Practice"
"ap-csa-daily-practice","unit-4-cycle-2-day-13-arraylist-remove-return-value","MERGE","AP CSA Unit 4 Day 13: ArrayList Remove Return Value | Daily Practice"
"ap-csa-daily-practice","unit-4-cycle-2-day-14-2d-array-diagonal-sum","MERGE","AP CSA Unit 4 Day 14: 2D Array Diagonal Sum | Daily Practice"
"ap-csa-daily-practice","unit-4-cycle-2-day-15-binary-search-precondition","MERGE","AP CSA Unit 4 Day 15: Binary Search Precondition | Daily Practice"
"ap-csa-daily-practice","unit-4-cycle-2-day-16-arraylist-set-index-error","MERGE","AP CSA Unit 4 Day 16: ArrayList Set Index Error | Daily Practice"
"ap-csa-daily-practice","unit-4-cycle-2-day-17-array-reverse","MERGE","AP CSA Unit 4 Day 17: Array Reverse | Daily Practice"
"ap-csa-daily-practice","unit-4-cycle-2-day-18-arraylist-autoboxing","MERGE","AP CSA Unit 4 Day 18: ArrayList Autoboxing | Daily Practice"
"ap-csa-daily-practice","unit-4-cycle-2-day-19-2d-array-search","MERGE","AP CSA Unit 4 Day 19: 2D Array Search | Daily Practice"
"ap-csa-daily-practice","unit-4-cycle-2-day-2-enhanced-for-loop-limitation","MERGE","AP CSA Unit 4 Day 2: Enhanced For Loop Limitation | Daily Practice"
"ap-csa-daily-practice","unit-4-cycle-2-day-20-arraylist-remove-with-wrapper","MERGE","AP CSA Unit 4 Day 20: ArrayList Remove With Wrapper | Daily Practice"
"ap-csa-daily-practice","unit-4-cycle-2-day-21-array-copy-pitfall","MERGE","AP CSA Unit 4 Day 21: Array Copy Pitfall | Daily Practice"
"ap-csa-daily-practice","unit-4-cycle-2-day-22-arraylist-remove-all-even-numbers","MERGE","AP CSA Unit 4 Day 22: ArrayList Remove All Even Numbers | Daily Practice"
"ap-csa-daily-practice","unit-4-cycle-2-day-23-2d-array-row-sums","MERGE","AP CSA Unit 4 Day 23: 2D Array Row Sums | Daily Practice"
"ap-csa-daily-practice","unit-4-cycle-2-day-24-arraylist-null-element","MERGE","AP CSA Unit 4 Day 24: ArrayList Null Element | Daily Practice"
"ap-csa-daily-practice","unit-4-cycle-2-day-25-selection-sort-iteration","MERGE","AP CSA Unit 4 Day 25: Selection Sort Iteration | Daily Practice"
"ap-csa-daily-practice","unit-4-cycle-2-day-26-arraylist-loop-adding","MERGE","AP CSA Unit 4 Day 26: ArrayList Loop Adding | Daily Practice"
"ap-csa-daily-practice","unit-4-cycle-2-day-27-2d-array-edge-elements","MERGE","AP CSA Unit 4 Day 27: 2D Array Edge Elements | Daily Practice"
"ap-csa-daily-practice","unit-4-cycle-2-day-28-arraylist-equality","MERGE","AP CSA Unit 4 Day 28: ArrayList Equality | Daily Practice"
"ap-csa-daily-practice","unit-4-cycle-2-day-3-arraylist-remove-during-iteration","MERGE","AP CSA Unit 4 Day 3: ArrayList Remove During Iteration | Daily Practice"
"ap-csa-daily-practice","unit-4-cycle-2-day-4-array-vs-arraylist","MERGE","AP CSA Unit 4 Day 4: Array Vs ArrayList | Daily Practice"
"ap-csa-daily-practice","unit-4-cycle-2-day-5-2d-array-initialization","MERGE","AP CSA Unit 4 Day 5: 2D Array Initialization | Daily Practice"
"ap-csa-daily-practice","unit-4-cycle-2-day-6-arraylist-wrapper-types","MERGE","AP CSA Unit 4 Day 6: ArrayList Wrapper Types | Daily Practice"
"ap-csa-daily-practice","unit-4-cycle-2-day-7-linear-search","MERGE","AP CSA Unit 4 Day 7: Linear Search | Daily Practice"
"ap-csa-daily-practice","unit-4-cycle-2-day-8-arraylist-get-vs-set","MERGE","AP CSA Unit 4 Day 8: ArrayList Get Vs Set | Daily Practice"
"ap-csa-daily-practice","unit-4-cycle-2-day-9-2d-array-column-major-traversal","MERGE","AP CSA Unit 4 Day 9: 2D Array Column Major Traversal | Daily Practice"
"ap-csa-daily-practice","unit2-cycle2-day-1-boolean-algebra-equivalence","MERGE","AP CSA Unit 2 Day 1: Boolean Algebra Equivalence | Daily Practice"
"ap-csa-daily-practice","unit2-cycle2-day-10-iteration-accumulation","MERGE","AP CSA Unit 2 Day 10: Iteration Accumulation | Daily Practice"
"ap-csa-daily-practice","unit2-cycle2-day-11-iteration-nested-loop-count","MERGE","AP CSA Unit 2 Day 11: Iteration Nested Loop Count | Daily Practice"
"ap-csa-daily-practice","unit2-cycle2-day-12-debugging-loop-condition","MERGE","AP CSA Unit 2 Day 12: Debugging Loop Condition | Daily Practice"
"ap-csa-daily-practice","unit2-cycle2-day-13-iteration-break","MERGE","AP CSA Unit 2 Day 13: Iteration Break | Daily Practice"
"ap-csa-daily-practice","unit2-cycle2-day-14-iteration-selection-filtering","MERGE","AP CSA Unit 2 Day 14: Iteration Selection Filtering | Daily Practice"
"ap-csa-daily-practice","unit2-cycle2-day-15-boolean-algebra-equivalence","MERGE","AP CSA Unit 2 Day 15: Boolean Algebra Equivalence | Daily Practice"
"ap-csa-daily-practice","unit2-cycle2-day-16-selection-if-else-if-boundary","MERGE","AP CSA Unit 2 Day 16: Selection If Else If Boundary | Daily Practice"
"ap-csa-daily-practice","unit2-cycle2-day-17-boolean-precedence-andand-with","MERGE","AP CSA Unit 2 Day 17: Boolean Precedence (&& with ||) | Daily Practice"
"ap-csa-daily-practice","unit2-cycle2-day-18-iteration-for-loop-count","MERGE","AP CSA Unit 2 Day 18: Iteration For Loop Count | Daily Practice"
"ap-csa-daily-practice","unit2-cycle2-day-19-iteration-while-loop-growth","MERGE","AP CSA Unit 2 Day 19: Iteration While Loop Growth | Daily Practice"
"ap-csa-daily-practice","unit2-cycle2-day-2-selection-if-else-if","MERGE","AP CSA Unit 2 Day 2: Selection If Else If | Daily Practice"
"ap-csa-daily-practice","unit2-cycle2-day-20-iteration-accumulation","MERGE","AP CSA Unit 2 Day 20: Iteration Accumulation | Daily Practice"
"ap-csa-daily-practice","unit2-cycle2-day-21-iteration-break","MERGE","AP CSA Unit 2 Day 21: Iteration Break | Daily Practice"
"ap-csa-daily-practice","unit2-cycle2-day-22-iteration-continue","MERGE","AP CSA Unit 2 Day 22: Iteration Continue | Daily Practice"
"ap-csa-daily-practice","unit2-cycle2-day-23-iteration-while-loop-tracing","MERGE","AP CSA Unit 2 Day 23: Iteration While Loop Tracing | Daily Practice"
"ap-csa-daily-practice","unit2-cycle2-day-24-iteration-nested-loop-count","MERGE","AP CSA Unit 2 Day 24: Iteration Nested Loop Count | Daily Practice"
"ap-csa-daily-practice","unit2-cycle2-day-25-iteration-selection-nested-condition","MERGE","AP CSA Unit 2 Day 25: Iteration Selection Nested Condition | Daily Practice"
"ap-csa-daily-practice","unit2-cycle2-day-26-iteration-break-in-nested-loops","MERGE","AP CSA Unit 2 Day 26: Iteration Break In Nested Loops | Daily Practice"
"ap-csa-daily-practice","unit2-cycle2-day-27-iteration-selection-nested-filtering","MERGE","AP CSA Unit 2 Day 27: Iteration Selection Nested Filtering | Daily Practice"
"ap-csa-daily-practice","unit2-cycle2-day-28-iteration-nested-loop-accumulation","MERGE","AP CSA Unit 2 Day 28: Iteration Nested Loop Accumulation | Daily Practice"
"ap-csa-daily-practice","unit2-cycle2-day-3-short-circuit-logic","MERGE","AP CSA Unit 2 Day 3: Short Circuit Logic | Daily Practice"
"ap-csa-daily-practice","unit2-cycle2-day-4-selection-nested-if-else","MERGE","AP CSA Unit 2 Day 4: Selection Nested If Else | Daily Practice"
"ap-csa-daily-practice","unit2-cycle2-day-5-boolean-precedence-andand-before","MERGE","AP CSA Unit 2 Day 5: Boolean Precedence (&& before ||) | Daily Practice"
"ap-csa-daily-practice","unit2-cycle2-day-6-selection-range-check","MERGE","AP CSA Unit 2 Day 6: Selection Range Check | Daily Practice"
"ap-csa-daily-practice","unit2-cycle2-day-7-selection-two-separate-if-statements","MERGE","AP CSA Unit 2 Day 7: Selection Two Separate If Statements | Daily Practice"
"ap-csa-daily-practice","unit2-cycle2-day-8-iteration-for-loop-count","MERGE","AP CSA Unit 2 Day 8: Iteration For Loop Count | Daily Practice"
"ap-csa-daily-practice","unit2-cycle2-day-9-iteration-while-loop-tracing","MERGE","AP CSA Unit 2 Day 9: Iteration While Loop Tracing | Daily Practice"
"ap-csa-daily-practice","unit3-cycle2-day-1-constructor-overloading","MERGE","AP CSA Unit 3 Day 1: Constructor Overloading | Daily Practice"
"ap-csa-daily-practice","unit3-cycle2-day-10-method-overriding-rules","MERGE","AP CSA Unit 3 Day 10: Method Overriding Rules | Daily Practice"
"ap-csa-daily-practice","unit3-cycle2-day-11-mutator-method","MERGE","AP CSA Unit 3 Day 11: Mutator Method | Daily Practice"
"ap-csa-daily-practice","unit3-cycle2-day-12-object-equality","MERGE","AP CSA Unit 3 Day 12: Object Equality | Daily Practice"
"ap-csa-daily-practice","unit3-cycle2-day-13-super-keyword","MERGE","AP CSA Unit 3 Day 13: Super Keyword | Daily Practice"
"ap-csa-daily-practice","unit3-cycle2-day-14-constructor-parameter-validation","MERGE","AP CSA Unit 3 Day 14: Constructor Parameter Validation | Daily Practice"
"ap-csa-daily-practice","unit3-cycle2-day-15-polymorphism","MERGE","AP CSA Unit 3 Day 15: Polymorphism | Daily Practice"
"ap-csa-daily-practice","unit3-cycle2-day-16-tostring-override","MERGE","AP CSA Unit 3 Day 16: toString Override | Daily Practice"
"ap-csa-daily-practice","unit3-cycle2-day-17-constructor-default-values","MERGE","AP CSA Unit 3 Day 17: Constructor Default Values | Daily Practice"
"ap-csa-daily-practice","unit3-cycle2-day-18-private-vs-public","MERGE","AP CSA Unit 3 Day 18: Private Vs Public | Daily Practice"
"ap-csa-daily-practice","unit3-cycle2-day-19-method-overriding-vs-overloading","MERGE","AP CSA Unit 3 Day 19: Method Overriding Vs Overloading | Daily Practice"
"ap-csa-daily-practice","unit3-cycle2-day-2-instance-vs-static","MERGE","AP CSA Unit 3 Day 2: Instance Vs Static | Daily Practice"
"ap-csa-daily-practice","unit3-cycle2-day-20-inheritance-access","MERGE","AP CSA Unit 3 Day 20: Inheritance Access | Daily Practice"
"ap-csa-daily-practice","unit3-cycle2-day-21-null-reference","MERGE","AP CSA Unit 3 Day 21: Null Reference | Daily Practice"
"ap-csa-daily-practice","unit3-cycle2-day-22-this-in-constructors","MERGE","AP CSA Unit 3 Day 22: This In Constructors | Daily Practice"
"ap-csa-daily-practice","unit3-cycle2-day-23-static-method-calling","MERGE","AP CSA Unit 3 Day 23: Static Method Calling | Daily Practice"
"ap-csa-daily-practice","unit3-cycle2-day-24-constructor-no-return","MERGE","AP CSA Unit 3 Day 24: Constructor No Return | Daily Practice"
"ap-csa-daily-practice","unit3-cycle2-day-25-super-call","MERGE","AP CSA Unit 3 Day 25: Super Call | Daily Practice"
"ap-csa-daily-practice","unit3-cycle2-day-26-object-class","MERGE","AP CSA Unit 3 Day 26: Object Class | Daily Practice"
"ap-csa-daily-practice","unit3-cycle2-day-27-encapsulation-violation","MERGE","AP CSA Unit 3 Day 27: Encapsulation Violation | Daily Practice"
"ap-csa-daily-practice","unit3-cycle2-day-28-polymorphic-array","MERGE","AP CSA Unit 3 Day 28: Polymorphic Array | Daily Practice"
"ap-csa-daily-practice","unit3-cycle2-day-3-accessor-method-side-effects","MERGE","AP CSA Unit 3 Day 3: Accessor Method Side Effects | Daily Practice"
"ap-csa-daily-practice","unit3-cycle2-day-4-method-overriding","MERGE","AP CSA Unit 3 Day 4: Method Overriding | Daily Practice"
"ap-csa-daily-practice","unit3-cycle2-day-5-constructor-chaining","MERGE","AP CSA Unit 3 Day 5: Constructor Chaining | Daily Practice"
"ap-csa-daily-practice","unit3-cycle2-day-6-this-keyword","MERGE","AP CSA Unit 3 Day 6: This Keyword | Daily Practice"
"ap-csa-daily-practice","unit3-cycle2-day-7-scope-and-access","MERGE","AP CSA Unit 3 Day 7: Scope And Access | Daily Practice"
"ap-csa-daily-practice","unit3-cycle2-day-8-static-method-restrictions","MERGE","AP CSA Unit 3 Day 8: Static Method Restrictions | Daily Practice"
"ap-csa-daily-practice","unit3-cycle2-day-9-inheritance-constructor-calls","MERGE","AP CSA Unit 3 Day 9: Inheritance Constructor Calls | Daily Practice"
"ap-csa-daily-practice","unit4-cycle2-day-1-array-initialization","MERGE","AP CSA Unit 4 Day 1: Array Initialization | Daily Practice"
"ap-csa-daily-practice","unit4-cycle2-day-10-array-algorithm-find-maximum","MERGE","AP CSA Unit 4 Day 10: Array Algorithm Find Maximum | Daily Practice"
"ap-csa-daily-practice","unit4-cycle2-day-11-arraylist-add-with-index","MERGE","AP CSA Unit 4 Day 11: ArrayList Add With Index | Daily Practice"
"ap-csa-daily-practice","unit4-cycle2-day-12-array-out-of-bounds","MERGE","AP CSA Unit 4 Day 12: Array Out Of Bounds | Daily Practice"
"ap-csa-daily-practice","unit4-cycle2-day-13-arraylist-remove-return-value","MERGE","AP CSA Unit 4 Day 13: ArrayList Remove Return Value | Daily Practice"
"ap-csa-daily-practice","unit4-cycle2-day-14-2d-array-diagonal-sum","MERGE","AP CSA Unit 4 Day 14: 2D Array Diagonal Sum | Daily Practice"
"ap-csa-daily-practice","unit4-cycle2-day-15-binary-search-precondition","MERGE","AP CSA Unit 4 Day 15: Binary Search Precondition | Daily Practice"
"ap-csa-daily-practice","unit4-cycle2-day-16-arraylist-set-index-error","MERGE","AP CSA Unit 4 Day 16: ArrayList Set Index Error | Daily Practice"
"ap-csa-daily-practice","unit4-cycle2-day-17-array-reverse","MERGE","AP CSA Unit 4 Day 17: Array Reverse | Daily Practice"
"ap-csa-daily-practice","unit4-cycle2-day-18-arraylist-autoboxing","MERGE","AP CSA Unit 4 Day 18: ArrayList Autoboxing | Daily Practice"
"ap-csa-daily-practice","unit4-cycle2-day-19-2d-array-search","MERGE","AP CSA Unit 4 Day 19: 2D Array Search | Daily Practice"
"ap-csa-daily-practice","unit4-cycle2-day-2-enhanced-for-loop-limitation","MERGE","AP CSA Unit 4 Day 2: Enhanced For Loop Limitation | Daily Practice"
"ap-csa-daily-practice","unit4-cycle2-day-20-arraylist-remove-with-wrapper","MERGE","AP CSA Unit 4 Day 20: ArrayList Remove With Wrapper | Daily Practice"
"ap-csa-daily-practice","unit4-cycle2-day-21-array-copy-pitfall","MERGE","AP CSA Unit 4 Day 21: Array Copy Pitfall | Daily Practice"
"ap-csa-daily-practice","unit4-cycle2-day-22-arraylist-remove-all-even-numbers","MERGE","AP CSA Unit 4 Day 22: ArrayList Remove All Even Numbers | Daily Practice"
"ap-csa-daily-practice","unit4-cycle2-day-23-2d-array-row-sums","MERGE","AP CSA Unit 4 Day 23: 2D Array Row Sums | Daily Practice"
"ap-csa-daily-practice","unit4-cycle2-day-24-arraylist-null-element","MERGE","AP CSA Unit 4 Day 24: ArrayList Null Element | Daily Practice"
"ap-csa-daily-practice","unit4-cycle2-day-25-selection-sort-iteration","MERGE","AP CSA Unit 4 Day 25: Selection Sort Iteration | Daily Practice"
"ap-csa-daily-practice","unit4-cycle2-day-26-arraylist-loop-adding","MERGE","AP CSA Unit 4 Day 26: ArrayList Loop Adding | Daily Practice"
"ap-csa-daily-practice","unit4-cycle2-day-27-2d-array-edge-elements","MERGE","AP CSA Unit 4 Day 27: 2D Array Edge Elements | Daily Practice"
"ap-csa-daily-practice","unit4-cycle2-day-28-arraylist-equality","MERGE","AP CSA Unit 4 Day 28: ArrayList Equality | Daily Practice"
"ap-csa-daily-practice","unit4-cycle2-day-3-arraylist-remove-during-iteration","MERGE","AP CSA Unit 4 Day 3: ArrayList Remove During Iteration | Daily Practice"
"ap-csa-daily-practice","unit4-cycle2-day-4-array-vs-arraylist","MERGE","AP CSA Unit 4 Day 4: Array Vs ArrayList | Daily Practice"
"ap-csa-daily-practice","unit4-cycle2-day-5-2d-array-initialization","MERGE","AP CSA Unit 4 Day 5: 2D Array Initialization | Daily Practice"
"ap-csa-daily-practice","unit4-cycle2-day-6-arraylist-wrapper-types","MERGE","AP CSA Unit 4 Day 6: ArrayList Wrapper Types | Daily Practice"
"ap-csa-daily-practice","unit4-cycle2-day-7-linear-search","MERGE","AP CSA Unit 4 Day 7: Linear Search | Daily Practice"
"ap-csa-daily-practice","unit4-cycle2-day-8-arraylist-get-vs-set","MERGE","AP CSA Unit 4 Day 8: ArrayList Get Vs Set | Daily Practice"
"ap-csa-daily-practice","unit4-cycle2-day-9-2d-array-column-major-traversal","MERGE","AP CSA Unit 4 Day 9: 2D Array Column Major Traversal | Daily Practice"
