"Handle","Command","Title","Body HTML","Published","Published At","Metafield: global.title_tag [string]","Metafield: global.description_tag [string]"
"ap-cyber-unit-1-lesson-2-auth-log-lab","MERGE","AP Cybersecurity Terminal Lab: Read the Login Log | Topic 1.2","<div class=""lab-page"">
<style>
.lab-page{max-width:1200px;margin:0 auto;font-family:Georgia,serif;color:#1F2937}
.lab-page h1{font-family:""DM Serif Display"",Georgia,serif;font-size:33px;line-height:1.2;
color:#1E1B4B;font-weight:400;margin:0 0 14px}
.lab-page .lab-page-lede{font-size:18px;line-height:1.65;color:#4B5563;margin:0 0 14px;
max-width:74ch}
.lab-page p{font-size:16.5px;line-height:1.7;margin:0 0 14px;max-width:74ch}
.lab-page a{color:#6B21A8}
.lab-page .lab-page-note{background:#F0FDF4;border:1px solid #BBF7D0;
border-left:4px solid #15803D;padding:13px 17px;border-radius:0 10px 10px 0;margin:18px 0 26px}
.lab-page .lab-sib{background:#F5F0FF;border:1px solid #e9d5ff;border-radius:14px;
margin:38px 0 0;padding:22px 24px;max-width:900px}
.lab-page .lab-sib h2{font-family:""DM Serif Display"",Georgia,serif;font-size:24px;
color:#1E1B4B;font-weight:400;margin:0 0 8px}
.lab-page .lab-sib-list{list-style:none;padding:0;margin:14px 0 16px}
.lab-page .lab-sib-list li{background:#fff;border:1px solid #e9d5ff;border-radius:11px;
padding:12px 15px;margin:0 0 9px}
.lab-page .lab-sib-list a{font-family:""DM Serif Display"",Georgia,serif;font-size:17px;
text-decoration:none}
.lab-page .lab-sib-focus{display:block;font-family:""DM Sans"",system-ui,sans-serif;
font-size:11px;font-weight:700;text-transform:uppercase;letter-spacing:.06em;
color:#7C3AED;margin-top:5px}
.apcs-offline{border:1px solid #e3c9c9;background:#fdf6f6;border-radius:8px;padding:15px 17px;margin:8px 0;}.apcs-offline p{margin:0 0 9px;line-height:1.55;}.apcs-offline p:last-child{margin-bottom:0;}.apcs-offline .apcs-offline-h{font-weight:700;}
</style>
<h1>Read the login log</h1>
<p class=""lab-page-lede"">A morning of sign-in attempts from a school portal nobody has been reading. Three of them are attacks. Two look worse than they are, and telling them apart is the lab.</p>
<p>Everything runs in this page. The log and the account list are simulated, so read them in any order and as many times as you need.</p>
<p>Counting failures is the easy half. Four failures from a girl on her own laptop and one failure each across thirty accounts from a machine nobody recognises are not the same event, and the larger number is the innocent one. Work out what actually separates them before you decide which rows to flag.</p>
<p class=""lab-page-note"">This one is practice. It checks your work on the page and records nothing.</p>
<div id=""apcs-lab-1-2-auth-lab""><p id=""apcs-lab-1-2-auth-lab-loading"">Loading the lab...</p></div>
<script>window.APCS_LAB={base:""https://progress.apcsexamprep.com""};</script>
<script>
(function(){
  var MID=""apcs-lab-1-2-auth-lab"",SID=""apcs-lab-1-2-auth-lab-loading"";
  var shown=false;
  function fallback(){
    if(shown)return;shown=true;
    var el=document.getElementById(MID);
    if(el)el.innerHTML=""<div class=\""apcs-offline\""><p class=\""apcs-offline-h\"">This lab could not be loaded.</p><p>The practice service is not responding right now. This is on our side, not yours, and it is usually brief.</p><p>Nothing you have written is affected. These are self-scored and nothing you type is ever sent anywhere, so there is no work to lose.</p><p>Reload in a minute, or <a href=\""https://www.apcsexamprep.com/pages/ap-cybersecurity-labs\"">browse the other labs</a>, which keeps working while this is down.</p></div>"";
  }
  window.APCSPageFallback=window.APCSPageFallback||{};
  window.APCSPageFallback[MID]=fallback;
  window.APCSPageGo=window.APCSPageGo||{};
  window.APCSPageGo[MID]=function(){
    var el=document.getElementById(MID);
    if(!el)return;
    if(!window[""APCSLab""]){fallback();return;}
    var p;
    try{p=window[""APCSLab""].mountById(el,""ap-cybersecurity"",""1.2-auth-lab"");}
    catch(e){fallback();return;}
    if(p&&typeof p.catch===""function""){shown=false;p.catch(fallback);}
  };
  setTimeout(function(){if(document.getElementById(SID))fallback();},12000);
})();
</script>
<script src=""https://progress.apcsexamprep.com/lab-player.js"" onerror=""window.APCSPageFallback['apcs-lab-1-2-auth-lab']()""></script>
<script>window.APCSPageGo[""apcs-lab-1-2-auth-lab""]();</script>
<div class=""lab-sib"">
<h2>More hands-on practice</h2>
<p>The other labs in this course:</p>
<ul class=""lab-sib-list"">
<li><a href=""https://www.apcsexamprep.com/pages/ap-cyber-unit-2-lesson-4-terminal-lab"">Read the badge log</a><span class=""lab-sib-focus"">Topic 2.4</span></li>
<li><a href=""https://www.apcsexamprep.com/pages/ap-cyber-unit-1-lesson-2-terminal-lab"">Find the tournament code</a><span class=""lab-sib-focus"">Topic 4.3</span></li>
</ul>
<p>All of them: <a href=""https://www.apcsexamprep.com/pages/ap-cybersecurity-labs"">the terminal labs hub</a>. The exam asks you to write commands in its free-response question, and <a href=""https://www.apcsexamprep.com/pages/ap-cybersecurity-practice"">AP Cybersecurity practice</a> puts the labs, the multiple choice and the free response in one place.</p>
</div>
</div>","TRUE","2026-03-01 12:00:00","AP Cybersecurity Terminal Lab: Read the Login Log | Topic 1.2","Work a real sign-in log in a terminal and tell a password attack from a student who forgot their password. Free AP Cybersecurity Topic 1.2 practice lab."
