"Handle","Command","Body HTML"
"ap-csp-teacher-superpack","MERGE","
<meta charset=""UTF-8"">
<meta name=""viewport"" content=""width=device-width,initial-scale=1"">
<title>AP CSP Teacher Superpack | APCSExamPrep.com</title>
<meta name=""description"" content=""AP CSP Teacher Superpack — slides and lesson resources for all 5 Big Ideas, built by an AP CS teacher and tutor who knows exactly which question types trip students up on exam day. Free Big Idea 1 preview."">
<link rel=""preconnect"" href=""https://fonts.googleapis.com"">
<link href=""https://fonts.googleapis.com/css2?family=Fraunces:ital,opsz,wght@0,9..144,300;0,9..144,700;0,9..144,900;1,9..144,400&amp;family=DM+Sans:opsz,wght@9..40,400;9..40,500;9..40,600;9..40,700&amp;display=swap"" rel=""stylesheet"">
<style>
:root{
  --ink:#09090b;--ink-2:#3f3f46;--ink-3:#71717a;
  --paper:#fafaf9;--paper-3:#e4e4e7;
  --blue:#1d4ed8;--blue-bg:#eff6ff;--blue-border:#bfdbfe;
  --green:#16a34a;--green-bg:#f0fdf4;--green-border:#bbf7d0;
  --amber-bg:#fffbeb;--amber-border:#fde68a;--amber-text:#78350f;
}
*{box-sizing:border-box;margin:0;padding:0;}
body{font-family:'DM Sans',sans-serif;background:var(--paper);color:var(--ink);line-height:1.6;-webkit-font-smoothing:antialiased;}

.announce{background:var(--ink);color:#fff;text-align:center;padding:10px 20px;font-size:13px;font-weight:500;}
.announce a{color:#93c5fd;text-decoration:underline;}

.hero{background:#0a0f1e;position:relative;overflow:hidden;}
.hero::after{content:'';position:absolute;inset:0;background:radial-gradient(ellipse 55% 80% at 75% 50%,rgba(29,78,216,.22) 0%,transparent 70%);pointer-events:none;}
.hero-inner{max-width:860px;margin:0 auto;padding:88px 40px 80px;position:relative;z-index:2;}
.hero-kicker{font-size:11px;font-weight:700;letter-spacing:.14em;text-transform:uppercase;color:#3f3f46;margin-bottom:20px;}
.hero h1{font-family:'Fraunces',serif;font-size:clamp(38px,5.5vw,62px);font-weight:900;line-height:1.06;color:#fff;letter-spacing:-.025em;margin-bottom:28px;}
.hero h1 em{font-style:italic;font-weight:300;color:#93c5fd;}
.hero-sub{font-size:18px;color:#a1a1aa;line-height:1.85;max-width:600px;margin-bottom:40px;}
.hero-sub strong{color:#e4e4e7;font-weight:600;}
.hero-actions{display:flex;flex-wrap:wrap;gap:12px;align-items:center;margin-bottom:20px;}
.btn-primary{display:inline-flex;align-items:center;gap:8px;background:var(--blue);color:#fff;font-size:15px;font-weight:700;padding:15px 30px;border-radius:8px;text-decoration:none;transition:background .15s,transform .1s;white-space:nowrap;}
.btn-primary:hover{background:#1e40af;transform:translateY(-1px);}
.btn-ghost{display:inline-flex;align-items:center;gap:8px;background:transparent;color:#d4d4d8;font-size:14px;font-weight:600;padding:15px 24px;border-radius:8px;text-decoration:none;border:1px solid rgba(255,255,255,.18);transition:border-color .15s;white-space:nowrap;}
.btn-ghost:hover{border-color:rgba(255,255,255,.45);}
.hero-footnote{font-size:12px;color:#3f3f46;}

.trust{background:#fff;border-bottom:1px solid var(--paper-3);padding:14px 40px;}
.trust-inner{max-width:860px;margin:0 auto;display:flex;flex-wrap:wrap;gap:6px 28px;font-size:13px;color:var(--ink-2);}
.trust-item strong{color:var(--ink);}

.main{max-width:860px;margin:0 auto;padding:80px 40px;}

/* TUTOR INSIGHT SECTION */
.kicker{font-size:11px;font-weight:700;letter-spacing:.12em;text-transform:uppercase;color:var(--blue);margin-bottom:8px;}
.h2{font-family:'Fraunces',serif;font-size:clamp(26px,3.5vw,38px);font-weight:700;color:var(--ink);line-height:1.15;letter-spacing:-.02em;margin-bottom:14px;}
.sub{font-size:16px;color:var(--ink-3);line-height:1.8;margin-bottom:40px;max-width:600px;}

.insight{margin-bottom:80px;}
.insight-story{background:#0a0f1e;border-radius:14px;padding:36px;margin-bottom:24px;}
.insight-quote{font-family:'Fraunces',serif;font-size:clamp(18px,2.5vw,24px);font-style:italic;font-weight:300;color:#e2e8f0;line-height:1.6;margin-bottom:20px;border-left:3px solid #3b82f6;padding-left:20px;}
.insight-attr{font-size:13px;color:#52525b;}
.insight-attr strong{color:#93c5fd;}

.trap-grid{display:grid;grid-template-columns:1fr 1fr;gap:12px;margin-bottom:24px;}
.trap-card{background:#fff;border:1px solid var(--paper-3);border-radius:12px;padding:22px;}
.trap-num{font-size:11px;font-weight:700;letter-spacing:.08em;text-transform:uppercase;color:var(--blue);margin-bottom:8px;}
.trap-title{font-size:15px;font-weight:700;color:var(--ink);margin-bottom:6px;line-height:1.3;}
.trap-desc{font-size:13px;color:var(--ink-3);line-height:1.65;}
.trap-card.featured{background:var(--blue-bg);border-color:var(--blue-border);}
.trap-card.featured .trap-num{color:var(--blue);}

.insight-cta{background:var(--blue-bg);border:1px solid var(--blue-border);border-radius:12px;padding:24px 28px;}
.insight-cta-title{font-size:15px;font-weight:700;color:var(--blue);margin-bottom:8px;}
.insight-cta-body{font-size:15px;color:#1e3a8a;line-height:1.75;}
.insight-cta-body strong{color:#1e40af;}

/* WHAT'S INSIDE */
.inside{margin-bottom:80px;}
.bi-grid{display:grid;grid-template-columns:1fr 1fr 1fr;gap:12px;margin-bottom:12px;}
.bi-card{background:#fff;border:1px solid var(--paper-3);border-radius:12px;padding:22px;transition:border-color .15s,box-shadow .15s;}
.bi-card:hover{border-color:var(--blue-border);box-shadow:0 4px 20px rgba(29,78,216,.07);}
.bi-card.free{border-color:var(--green-border);background:var(--green-bg);}
.bi-card.bonus{grid-column:1/-1;background:var(--blue-bg);border-color:var(--blue-border);}
.free-tag{display:inline-flex;background:var(--green);color:#fff;font-size:10px;font-weight:700;letter-spacing:.08em;text-transform:uppercase;padding:3px 9px;border-radius:100px;margin-bottom:10px;}
.bi-num{font-size:11px;font-weight:700;letter-spacing:.08em;text-transform:uppercase;color:var(--blue);margin-bottom:4px;}
.bi-card.free .bi-num{color:var(--green);}
.bi-title{font-size:15px;font-weight:700;color:var(--ink);margin-bottom:7px;line-height:1.3;}
.bi-items{font-size:12px;color:var(--ink-3);line-height:1.75;}
.also{background:var(--blue-bg);border:1px solid var(--blue-border);border-radius:12px;padding:22px 28px;}
.also-title{font-size:13px;font-weight:700;color:var(--blue);margin-bottom:12px;}
.also-list{display:grid;grid-template-columns:1fr 1fr;gap:8px;list-style:none;}
.also-list li{display:flex;align-items:flex-start;gap:8px;font-size:13px;color:#1e3a8a;line-height:1.5;}
.also-list li::before{content:'✓';color:var(--blue);font-weight:700;flex-shrink:0;}

.honest{background:var(--amber-bg);border:1px solid var(--amber-border);border-radius:12px;padding:22px 28px;margin-bottom:80px;font-size:14px;color:var(--amber-text);line-height:1.8;}
.honest strong{color:#92400e;}

.who{margin-bottom:80px;}
.who-list{display:grid;grid-template-columns:1fr 1fr;gap:12px;list-style:none;margin-top:32px;}
.who-list li{background:#fff;border:1px solid var(--paper-3);border-radius:10px;padding:18px 20px;font-size:14px;color:var(--ink-2);line-height:1.6;display:flex;gap:12px;}
.who-list li::before{content:'→';color:var(--blue);font-weight:700;flex-shrink:0;margin-top:2px;}

.author{background:#0a0f1e;border-radius:16px;padding:48px;margin-bottom:80px;display:grid;grid-template-columns:auto 1fr;gap:32px;align-items:start;}
.author-av{width:68px;height:68px;border-radius:50%;background:var(--blue);display:flex;align-items:center;justify-content:center;font-family:'Fraunces',serif;font-size:26px;font-weight:900;color:#fff;flex-shrink:0;}
.author-name{font-family:'Fraunces',serif;font-size:21px;font-weight:700;color:#fff;margin-bottom:4px;}
.author-role{font-size:13px;color:#93c5fd;margin-bottom:16px;}
.author-body{font-size:14px;color:#a1a1aa;line-height:1.85;margin-bottom:20px;}
.author-tags{display:flex;flex-wrap:wrap;gap:8px;}
.author-tag{background:rgba(255,255,255,.06);border:1px solid rgba(255,255,255,.1);padding:5px 12px;border-radius:6px;font-size:12px;color:#d4d4d8;}

.cta-section{background:var(--blue);border-radius:16px;padding:56px 48px;text-align:center;margin-bottom:48px;position:relative;overflow:hidden;}
.cta-section::before{content:'';position:absolute;top:-100px;right:-100px;width:400px;height:400px;background:rgba(255,255,255,.04);border-radius:50%;}
.cta-h2{font-family:'Fraunces',serif;font-size:clamp(26px,3.5vw,40px);font-weight:900;color:#fff;margin-bottom:14px;letter-spacing:-.025em;position:relative;}
.cta-h2 em{font-style:italic;font-weight:300;color:#bfdbfe;}
.cta-body{font-size:16px;color:#bfdbfe;max-width:480px;margin:0 auto 32px;line-height:1.75;position:relative;}
.cta-row{display:flex;flex-wrap:wrap;gap:12px;justify-content:center;position:relative;}
.btn-cta{display:inline-flex;align-items:center;gap:8px;background:#fff;color:var(--blue);font-size:15px;font-weight:700;padding:15px 30px;border-radius:8px;text-decoration:none;transition:transform .1s;white-space:nowrap;}
.btn-cta:hover{transform:translateY(-1px);}
.btn-cta-outline{display:inline-flex;align-items:center;gap:8px;background:transparent;color:#fff;font-size:14px;font-weight:600;padding:15px 24px;border-radius:8px;text-decoration:none;border:1px solid rgba(255,255,255,.3);transition:border-color .15s;white-space:nowrap;}
.btn-cta-outline:hover{border-color:rgba(255,255,255,.65);}
.cta-note{font-size:12px;color:#93c5fd;margin-top:16px;position:relative;}

@media(max-width:640px){
  .hero-inner,.main{padding-left:24px;padding-right:24px;}
  .trust{padding-left:24px;padding-right:24px;}
  .trap-grid{grid-template-columns:1fr;}
  .bi-grid{grid-template-columns:1fr;}.bi-card.bonus{grid-column:1;}
  .also-list,.who-list{grid-template-columns:1fr;}
  .author{grid-template-columns:1fr;padding:32px 24px;}
  .cta-section{padding:40px 24px;}
}
</style>

<div class=""announce"">Free Big Idea 1 Superpack — no purchase needed. <a href=""/products/ap-csp-big-idea-1-superpack-free"">Download free →</a>
</div>

<section class=""hero"">
  <div class=""hero-inner"">
    <div class=""hero-kicker"">AP Computer Science Principles · Teacher Superpack</div>
    <h1>Built from 2,000 hours of<br><em>watching students miss questions.</em>
</h1>
    <p class=""hero-sub"">After tutoring AP CS students for hundreds of hours, I know exactly where they get tripped up on exam day — and exactly what wasn't in their course materials. <strong>I built APCSExamPrep.com to fix that.</strong> The Teacher Superpack brings that same approach into your classroom.</p>
    <div class=""hero-actions"">
      <a href=""/products/ap-csp-teacher-superpack"" class=""btn-primary"">Get the Superpack — $249 →</a>
      <a href=""/products/ap-csp-big-idea-1-superpack-free"" class=""btn-ghost"">Free BI1 Preview — no purchase needed</a>
    </div>
    <div class=""hero-footnote"">One-time · Instant delivery · Updates through summer 2026 included</div>
  </div>
</section>

<div class=""trust"">
  <div class=""trust-inner"">
    <span class=""trust-item"">✅ <strong>11+ years</strong> AP CS classroom experience</span>
    <span class=""trust-item"">⭐ <strong>5.0</strong> on Wyzant · 499 verified reviews</span>
    <span class=""trust-item"">📚 <strong>2,067</strong> tutoring hours</span>
    <span class=""trust-item"">📋 <strong>CED-built</strong> from the 2025-2026 AP CSP exam</span>
  </div>
</div>

<main class=""main"">

  <section class=""insight"">
    <div class=""kicker"">What 2,000 tutoring hours taught me</div>
    <h2 class=""h2"">I've seen every resource. I know where each one leaves students unprepared.</h2>
    <p class=""sub"">Tutoring gives you a diagnostic view that classroom teaching alone doesn't. When a student comes to you two weeks before the AP exam, you see exactly which concepts didn't land — and exactly how the resource they used framed those concepts differently from how the exam actually tests them.</p>

    <div class=""insight-story"">
      <p class=""insight-quote"">""The practice questions I'd been doing all year felt easy. Then I sat down for the actual exam and the questions were phrased completely differently. I didn't recognize them as the same topics.""</p>
      <div class=""insight-attr"">— Pattern I heard from <strong>students across dozens of tutoring sessions</strong>
</div>
    </div>

    <div class=""trap-grid"">
      <div class=""trap-card featured"">
        <div class=""trap-num"">The core problem</div>
        <div class=""trap-title"">Practice questions that look like AP questions but aren't</div>
        <div class=""trap-desc"">College Board has specific phrasing patterns — the I/II/III formats, the predict-first structure, the exact way distractors are built to target real misconceptions. Resources that approximate this pattern leave students surprised by the actual exam.</div>
      </div>
      <div class=""trap-card"">
        <div class=""trap-num"">What I see in tutoring</div>
        <div class=""trap-title"">Students who worked hard but hit the wrong targets</div>
        <div class=""trap-desc"">They completed every assignment. They understood the concepts. But the questions they practiced didn't match how the AP exam asks about those concepts. Effort without exam-accurate targets doesn't produce the scores the effort deserves.</div>
      </div>
      <div class=""trap-card"">
        <div class=""trap-num"">The Big Idea 3 pattern</div>
        <div class=""trap-title"">Code tracing done right vs done generically</div>
        <div class=""trap-desc"">BI3 algorithm questions aren't just ""read the code."" College Board uses specific structures — nested conditions, loop edge cases, off-by-one patterns — that only appear exam-accurate if built directly from real AP exam question analysis.</div>
      </div>
      <div class=""trap-card"">
        <div class=""trap-num"">The BI5 pattern</div>
        <div class=""trap-title"">Impact questions students can't answer with facts alone</div>
        <div class=""trap-desc"">Students who memorize BI5 vocabulary still miss questions because the exam asks them to apply nuanced reasoning — same effect viewed differently, intended vs unintended, data aggregation scenarios. That reasoning has to be practiced, not just read.</div>
      </div>
    </div>

    <div class=""insight-cta"">
      <div class=""insight-cta-title"">What this means for the Superpack</div>
      <p class=""insight-cta-body"">Every lesson, every slide, every practice question in the Superpack is built with those tutoring patterns in mind. <strong>The gaps students show up to tutoring with are the gaps this course was designed to close before exam day.</strong> The free Big Idea 1 preview lets you see that approach in practice before spending anything.</p>
    </div>
  </section>

  <section class=""inside"">
    <div class=""kicker"">What's included</div>
    <h2 class=""h2"">All 5 Big Ideas. One complete course.</h2>
    <p class=""sub"">Each Big Idea includes slides and lesson resources aligned to every lesson on APCSExamPrep.com — so your classroom instruction and your students' daily practice reinforce each other.</p>
    <div class=""bi-grid"">
      <div class=""bi-card free"">
        <div class=""free-tag"">Free Preview</div>
        <div class=""bi-num"">Big Idea 1</div>
        <div class=""bi-title"">Creative Development</div>
        <div class=""bi-items"">Slides · Program design · Collaboration · Debugging · Try it before buying anything</div>
      </div>
      <div class=""bi-card"">
        <div class=""bi-num"">Big Idea 2</div>
        <div class=""bi-title"">Data</div>
        <div class=""bi-items"">Slides · Binary · Compression · Data analysis · Visualization</div>
      </div>
      <div class=""bi-card"">
        <div class=""bi-num"">Big Idea 3</div>
        <div class=""bi-title"">Algorithms &amp; Programming</div>
        <div class=""bi-items"">Slides · All 18 topics · Python + AP Pseudocode · Interactive support</div>
      </div>
      <div class=""bi-card"">
        <div class=""bi-num"">Big Idea 4</div>
        <div class=""bi-title"">Computer Systems &amp; Networks</div>
        <div class=""bi-items"">Slides · Internet · Fault tolerance · Parallel computing</div>
      </div>
      <div class=""bi-card"">
        <div class=""bi-num"">Big Idea 5</div>
        <div class=""bi-title"">Impact of Computing</div>
        <div class=""bi-items"">Slides · All 6 topics · Bias · Privacy · Legal · Safe computing</div>
      </div>
      <div class=""bi-card bonus"">
        <div class=""bi-num"">Also included</div>
        <div class=""bi-title"">APCSExamPrep.com — student access for your class</div>
        <div class=""bi-items"">Interactive lessons · 5 exam-aligned MCQs per topic built from tutoring insight · Daily QOTD · Create Task scaffolding · The same practice that closes the gaps tutoring reveals</div>
      </div>
    </div>
        <div class=""also"" style=""margin-top:14px;"">
      <div class=""also-title"">Slides are what people ask about. Here is the rest of it.</div>
      <p style=""margin:10px 0 0;"">Every one of the 35 topics ships the same set, so there is never a lesson where the one piece you need is the piece that was not made.</p>
      <ul class=""also-list"">
        <li><strong>Guided notes in two versions.</strong> CB Standard covers the required content. Deep Dive is the same lesson with enrichment sections, for block periods or an honors section. Same topic, same day, two handouts, so a mixed room does not need two preps. That is 224 files on its own.</li>
        <li><strong>Two exercises and a topic quiz, each with a key.</strong></li>
        <li><strong>A lesson map, a teacher guide, and a discussion guide</strong> for every topic, which is the part that matters when you are teaching something for the first time on four hours of sleep.</li>
        <li><strong>A Big Idea exam with a key,</strong> five of them, one at the end of each Big Idea.</li>
      </ul>
      <p style=""margin:12px 0 0;"">Before any of that there is a year-long pacing guide and a semester block version, the Create Performance Task pack, the Big Idea 2 data project, and Innovation Investigations.</p>
      <p style=""margin:10px 0 0;"">Around 590 files in total. Anything marked KEY sits on the teacher side of the site and the student-safe files are grouped separately, so you can print or post a handout without opening it first to check whether the answers are on page two.</p>
    </div>
<div class=""also"" style=""margin-top:14px;"">
      <div class=""also-title"">Every purchase also includes</div>
      <ul class=""also-list"">
        <li>Updates through summer 2026 as content is finalized</li>
        <li>Create Task scaffolding and rubric guides</li>
        <li>MCQs built to match AP exam phrasing, not approximate it</li>
        <li>Direct access to reach me with questions</li>
      </ul>
    </div>
  </section>

  <div class=""honest"">
    <strong>What you're actually buying:</strong> Slides and lesson resources for all 5 Big Ideas, aligned to every lesson on APCSExamPrep.com. Materials are being finalized through summer 2026 — updates are automatic. Big Idea 1 is a free download. Use it in your classroom first. Buy the rest only if it works for you.
  </div>

  <section class=""who"">
    <div class=""kicker"">Who this is for</div>
    <h2 class=""h2"">Built for AP CSP teachers.</h2>
    <ul class=""who-list"">
      <li>Teachers whose students use APCSExamPrep.com for practice and want classroom instruction built to the same exam-accurate standard</li>
      <li>First-year AP CSP teachers who want a foundation built from real tutoring insight — not generic content that approximates the exam</li>
      <li>Experienced teachers who've watched prepared students still get surprised by AP exam phrasing and want to close that gap upstream</li>
      <li>Department chairs who want consistent, exam-precise materials from a teacher with 2,067 hours of diagnostic AP CS tutoring experience</li>
    </ul>
  </section>

  <div class=""author"">
    <div class=""author-av"">TC</div>
    <div>
      <div class=""author-name"">Tanner Crow</div>
      <div class=""author-role"">AP CS Teacher &amp; Tutor · 11+ years · Kansas City area</div>
      <p class=""author-body"">I've taught AP Computer Science for over a decade and logged 2,067 hours tutoring AP CS students one-on-one, with a 5.0 rating and 499 verified reviews on Wyzant. That tutoring experience gave me a diagnostic view I couldn't get from teaching alone — I saw exactly which concepts students understood but couldn't answer correctly because of how the exam phrases its questions. I built APCSExamPrep.com to close those gaps. The Superpack is that same work packaged as a complete course for your classroom.</p>
      <div class=""author-tags"">
        <span class=""author-tag"">11+ years AP CS</span>
        <span class=""author-tag"">5.0 ★ Wyzant</span>
        <span class=""author-tag"">499+ reviews</span>
        <span class=""author-tag"">2,067 tutoring hours</span>
        <span class=""author-tag"">CED-built from scratch</span>
      </div>
    </div>
  </div>

  <div class=""cta-section"">
    <h2 class=""cta-h2"">Try BI1 free.<br><em>Buy the rest if it works.</em>
</h2>
    <p class=""cta-body"">Download Big Idea 1 at no cost. Use it in your classroom. If your students are better prepared for the way the AP exam actually phrases its questions, the full course is $249.</p>
    <div class=""cta-row"">
      <a href=""/products/ap-csp-teacher-superpack"" class=""btn-cta"">Get the Full Superpack — $249 →</a>
      <a href=""/products/ap-csp-big-idea-1-superpack-free"" class=""btn-cta-outline"">Free BI1 Preview</a>
    </div>
    <div class=""cta-note"">One-time · Instant delivery · Updates through summer 2026</div>
  </div>

</main>"
