"Handle","Command","Body HTML"
"ap-csa-teacher-superpack","MERGE","<style>.template-product .product__media-wrapper,.template-product .product__media-list{display:none !important;}#csa-tsp-full{all:initial;display:block;max-width:900px;margin:0 auto;font-family:'Helvetica Neue',Arial,sans-serif !important;color:#1f2937 !important;line-height:1.6;}#csa-tsp-full *{box-sizing:border-box;font-family:inherit;}#csa-tsp-full h1,#csa-tsp-full h2,#csa-tsp-full h3{color:#312e81 !important;-webkit-text-fill-color:#312e81 !important;margin:0 0 10px;line-height:1.25;}#csa-tsp-full h1{font-size:30px;font-weight:800;}#csa-tsp-full h2{font-size:22px;font-weight:700;margin-top:26px;border-bottom:3px solid #4f46e5;padding-bottom:6px;}#csa-tsp-full h3{font-size:17px;font-weight:700;margin-top:16px;}#csa-tsp-full p{color:#374151 !important;-webkit-text-fill-color:#374151 !important;font-size:16px;margin:0 0 12px;}#csa-tsp-full ul{margin:0 0 14px;padding-left:22px;}#csa-tsp-full li{color:#374151 !important;-webkit-text-fill-color:#374151 !important;font-size:16px;margin:0 0 7px;}#csa-tsp-full .badge{display:inline-block;background:#4f46e5;color:#fff !important;-webkit-text-fill-color:#fff !important;font-size:13px;font-weight:700;letter-spacing:.5px;padding:5px 12px;border-radius:20px;margin-bottom:12px;}#csa-tsp-full .free{background:#15803d;}#csa-tsp-full .hero{background:#312e81;padding:28px 26px;border-radius:12px;margin-bottom:22px;}#csa-tsp-full .hero h1,#csa-tsp-full .hero p{color:#fff !important;-webkit-text-fill-color:#fff !important;}#csa-tsp-full .hero p{font-size:17px;opacity:.92;margin-bottom:0;}#csa-tsp-full .card{background:#f8fafc;border:1px solid #e5e7eb;border-left:5px solid #4f46e5;border-radius:8px;padding:16px 18px;margin:14px 0;}#csa-tsp-full .grid{display:grid;grid-template-columns:1fr 1fr;gap:12px;margin:14px 0;}#csa-tsp-full .cell{background:#fff;border:1px solid #e5e7eb;border-radius:8px;padding:12px 14px;}#csa-tsp-full .cell b{color:#312e81 !important;-webkit-text-fill-color:#312e81 !important;}#csa-tsp-full .btn,#csa-tsp-full a.btn{display:inline-block;background:#2563eb !important;color:#fff !important;-webkit-text-fill-color:#fff !important;font-weight:700;font-size:16px;text-decoration:none !important;padding:13px 26px;border-radius:8px;margin:8px 8px 8px 0;}#csa-tsp-full a.btn:link,#csa-tsp-full a.btn:visited{color:#fff !important;-webkit-text-fill-color:#fff !important;}#csa-tsp-full a.btn.alt{background:#fff !important;color:#2563eb !important;-webkit-text-fill-color:#2563eb !important;border:2px solid #2563eb;}#csa-tsp-full a.btn.alt:link,#csa-tsp-full a.btn.alt:visited{color:#2563eb !important;-webkit-text-fill-color:#2563eb !important;}#csa-tsp-full .cred{font-size:14px;color:#6b7280 !important;-webkit-text-fill-color:#6b7280 !important;border-top:1px solid #e5e7eb;margin-top:24px;padding-top:14px;}</style>
<div id=""csa-tsp-full"">
<div class=""hero"">
<span class=""badge"">COMPLETE · ALL 4 UNITS</span>
<h1>AP CSA Teacher Course Bundle</h1>
<p>The full teach-it-tomorrow package for AP Computer Science A. Every unit, every lesson, every document, aligned to the 2025-2026 College Board CED.</p>
</div>
<h2>What is included</h2>
<ul>
<li>
<b>All 4 units</b> – Using Objects and Methods, Selection and Iteration, Class Creation, and Data Collections.</li>
<li>
<b>50+ complete lessons</b>, each with 8 teacher documents: Teacher Guide, Guided Notes, two Exercises with Answer Keys, a Discussion Activity, and a Bell Ringer + Quiz.</li>
<li>
<b>Unit Tests</b> with AP-style MCQ sets plus free-response questions, full rationales, and distribution audits.</li>
<li>
<b>Unit Projects</b> with point-based scoring rubrics.</li>
<li>
<b>Pacing Guides</b> for full-year and semester / block schedules.</li>
</ul>
<div class=""grid"">
<div class=""cell"">
<b>Unit 1</b><br>Using Objects and Methods · 15 topics</div>
<div class=""cell"">
<b>Unit 2</b><br>Selection and Iteration</div>
<div class=""cell"">
<b>Unit 3</b><br>Class Creation</div>
<div class=""cell"">
<b>Unit 4</b><br>Data Collections</div>
</div>
<h2>Why teachers use it</h2>
<ul>
<li>Aligned to the current four-unit framework from the ground up, not the retired 10-unit sequence.</li>
<li>AP-caliber assessment items: error-spotting, I / II / III, Predict-First, and keyword-flagged stems.</li>
<li>Every answer key is distribution-audited with predicted miss patterns for targeted reteaching.</li>
<li>Free gradebook integration: class and per-student averages populate automatically, no student email required.</li>
</ul>
<div class=""card"">
<p><b>Try before you buy.</b> Unit 1 is available as a free preview so you can run a full lesson with your class first.</p>
<a href=""/products/ap-csa-teacher-superpack-free-preview"" class=""btn alt"">Get the free Unit 1 preview</a>
</div>
<p class=""cred"">Built by Tanner Crow · AP Computer Science teacher, 11+ years · 54.5% AP CSA 5-rate (vs 25.5% national) · 2,067+ verified Wyzant hours · 5.0 / 499 reviews. AP is a trademark of the College Board, which was not involved in the production of this resource.</p>
</div>

<!-- apcs-sdp-link: appended by scripts/build-teacher-bundle-privacy-link.js. Regenerate, do not hand edit. -->
<div class=""apcs-sdp-link"" style=""margin:28px 0 0;padding:16px 18px;background:#f9fafb;border-left:3px solid #2D6BC4;font-size:15px;line-height:1.6;"">
<strong>Buying this for a school or district?</strong> 
Students join with a display name and a four digit PIN. There is no student email address and no student account to provision. 
<a href=""/pages/student-data-privacy"">Read what we collect, who processes it, and how to have it deleted</a>, 
or send us your district's data privacy agreement and we will sign it.
</div>
"
"ap-csp-teacher-superpack","MERGE","<div style=""font-family:-apple-system,BlinkMacSystemFont,'Segoe UI',sans-serif;color:#09090b;max-width:680px;line-height:1.6;"">
<p style=""font-size:16px;font-weight:700;margin-bottom:8px;"">AP CSP Teacher Course Bundle - $249</p>
<p style=""font-size:14px;color:#3f3f46;margin-bottom:20px;"">Complete slides and lesson resources for all 5 Big Ideas of AP Computer Science Principles, built from 2,067 hours of AP CS tutoring insight. One-time purchase. Instant delivery. Updates through summer 2026.</p>
<p style=""background:#f0fdf4;border:1px solid #bbf7d0;border-radius:8px;padding:12px 16px;font-size:13px;color:#14532d;margin-bottom:20px;""><strong>Try before you buy:</strong> The Big Idea 1 pack is available free at no charge. Purchase the full bundle only after confirming it works for your classroom.</p>
<p style=""font-size:14px;font-weight:700;color:#09090b;margin-bottom:10px;"">What's included:</p>
<ul style=""list-style:none;padding:0;margin-bottom:20px;"">
<li style=""display:flex;gap:8px;font-size:14px;color:#3f3f46;margin-bottom:8px;"">
<span style=""color:#16a34a;font-weight:700;flex-shrink:0;"">✓</span>Slides for Big Ideas 2, 3, 4, and 5 (BI1 via free preview)</li>
<li style=""display:flex;gap:8px;font-size:14px;color:#3f3f46;margin-bottom:8px;"">
<span style=""color:#16a34a;font-weight:700;flex-shrink:0;"">✓</span>Lesson resources aligned to every topic on APCSExamPrep.com</li>
<li style=""display:flex;gap:8px;font-size:14px;color:#3f3f46;margin-bottom:8px;"">
<span style=""color:#16a34a;font-weight:700;flex-shrink:0;"">✓</span>AP exam-aligned MCQs built from tutoring insight, not approximated</li>
<li style=""display:flex;gap:8px;font-size:14px;color:#3f3f46;margin-bottom:8px;"">
<span style=""color:#16a34a;font-weight:700;flex-shrink:0;"">✓</span>Create Task scaffolding and rubric preparation</li>
<li style=""display:flex;gap:8px;font-size:14px;color:#3f3f46;margin-bottom:8px;"">
<span style=""color:#16a34a;font-weight:700;flex-shrink:0;"">✓</span>APCSExamPrep.com student access for your class</li>
<li style=""display:flex;gap:8px;font-size:14px;color:#3f3f46;margin-bottom:8px;"">
<span style=""color:#16a34a;font-weight:700;flex-shrink:0;"">✓</span>Updates through summer 2026 automatically included</li>
<li style=""display:flex;gap:8px;font-size:14px;color:#3f3f46;margin-bottom:8px;"">
<span style=""color:#16a34a;font-weight:700;flex-shrink:0;"">✓</span>Direct access to reach Tanner with questions</li>
</ul>
<p style=""font-size:14px;font-weight:700;color:#09090b;margin-bottom:8px;"">About the creator:</p>
<p style=""font-size:14px;color:#3f3f46;margin-bottom:20px;"">Tanner Crow. AP CS teacher, 11+ years. 2,067 tutoring hours, 5.0 rating, 499 verified reviews on Wyzant. Kansas City area.</p>
<p style=""background:#fffbeb;border:1px solid #fde68a;border-radius:8px;padding:12px 16px;font-size:13px;color:#78350f;""><strong>Delivery:</strong> Immediate digital download after purchase. Updates through summer 2026 are automatic.</p>
</div>

<!-- apcs-sdp-link: appended by scripts/build-teacher-bundle-privacy-link.js. Regenerate, do not hand edit. -->
<div class=""apcs-sdp-link"" style=""margin:28px 0 0;padding:16px 18px;background:#f9fafb;border-left:3px solid #2D6BC4;font-size:15px;line-height:1.6;"">
<strong>Buying this for a school or district?</strong> 
Students join with a display name and a four digit PIN. There is no student email address and no student account to provision. 
<a href=""/pages/student-data-privacy"">Read what we collect, who processes it, and how to have it deleted</a>, 
or send us your district's data privacy agreement and we will sign it.
</div>
"
"ap-cybersecurity-founding-teacher-bundle","MERGE","<div style=""max-width:900px;margin:0 auto;font-family:-apple-system,BlinkMacSystemFont,'Segoe UI',Roboto,Helvetica,Arial,sans-serif;color:#1F2937;-webkit-text-fill-color:#1F2937;font-size:16px;line-height:1.6;text-align:left;"">

<div style=""background:#6B21A8;border-radius:10px;padding:26px 28px;margin:0 0 22px 0;"">
<div style=""font-size:25px;font-weight:700;color:#FFFFFF;-webkit-text-fill-color:#FFFFFF;line-height:1.3;margin:0 0 8px 0;"">AP Cybersecurity Founding Teacher Bundle</div>
<div style=""font-size:15px;color:#EDE9FE;-webkit-text-fill-color:#EDE9FE;line-height:1.5;"">Complete teacher curriculum for the College Board AP Cybersecurity Course and Exam Description (V.1, first exam Spring 2027). Built by an 11-year AP Computer Science teacher.</div>
</div>

<div style=""border:1px solid #E5E7EB;border-radius:8px;overflow:hidden;margin:0 0 22px 0;"">
<div style=""display:flex;border-bottom:1px solid #E5E7EB;"">
<div style=""flex:0 0 45%;padding:11px 16px;font-size:13px;font-weight:700;letter-spacing:0.5px;text-transform:uppercase;color:#6B21A8;-webkit-text-fill-color:#6B21A8;"">Founding Price</div>
<div style=""flex:1;padding:11px 16px;font-size:16px;font-weight:700;color:#1F2937;-webkit-text-fill-color:#1F2937;"">$249</div>
</div>
<div style=""display:flex;border-bottom:1px solid #E5E7EB;"">
<div style=""flex:0 0 45%;padding:11px 16px;font-size:13px;font-weight:700;letter-spacing:0.5px;text-transform:uppercase;color:#6B21A8;-webkit-text-fill-color:#6B21A8;"">Course Coverage</div>
<div style=""flex:1;padding:11px 16px;font-size:16px;font-weight:700;color:#1F2937;-webkit-text-fill-color:#1F2937;"">All 5 Units</div>
</div>
<div style=""display:flex;border-bottom:1px solid #E5E7EB;"">
<div style=""flex:0 0 45%;padding:11px 16px;font-size:13px;font-weight:700;letter-spacing:0.5px;text-transform:uppercase;color:#6B21A8;-webkit-text-fill-color:#6B21A8;"">Delivery</div>
<div style=""flex:1;padding:11px 16px;font-size:16px;font-weight:700;color:#1F2937;-webkit-text-fill-color:#1F2937;"">All 5 Units Live</div>
</div>
<div style=""display:flex;"">
<div style=""flex:0 0 45%;padding:11px 16px;font-size:13px;font-weight:700;letter-spacing:0.5px;text-transform:uppercase;color:#6B21A8;-webkit-text-fill-color:#6B21A8;"">License</div>
<div style=""flex:1;padding:11px 16px;font-size:16px;font-weight:700;color:#1F2937;-webkit-text-fill-color:#1F2937;"">2026-27 School Year</div>
</div>
</div>

<div style=""background:#FEF3C7;border-left:5px solid #E8A020;border-radius:6px;padding:16px 20px;margin:0 0 26px 0;"">
<div style=""font-size:15px;color:#78350F;-webkit-text-fill-color:#78350F;line-height:1.6;"">
<strong style=""color:#78350F;-webkit-text-fill-color:#78350F;"">Founding pricing ends September 1, 2026.</strong> After that date the bundle is $349 direct and $399 through TPT. Purchasing before September 1 locks the founding rate for your renewal through the 2027-28 school year.</div>
</div>

<div style=""font-size:22px;font-weight:700;color:#1E1B4B;-webkit-text-fill-color:#1E1B4B;margin:30px 0 14px 0;line-height:1.3;"">What's Included</div>

<div style=""background:#F5F0FF;border-radius:8px;padding:20px 22px;margin:0 0 16px 0;"">
<div style=""font-size:16px;font-weight:700;color:#6B21A8;-webkit-text-fill-color:#6B21A8;margin:0 0 10px 0;"">Teacher Curriculum - All 5 Units</div>
<ul style=""margin:0;padding:0 0 0 22px;"">
<li style=""font-size:15px;color:#1F2937;-webkit-text-fill-color:#1F2937;line-height:1.55;margin:0 0 8px 0;"">
<strong style=""color:#1F2937;-webkit-text-fill-color:#1F2937;"">Unit 1-5 Teacher Superpacks</strong>: lesson plans, scenarios, assessments, answer keys, and scoring rubrics for all five units</li>
<li style=""font-size:15px;color:#1F2937;-webkit-text-fill-color:#1F2937;line-height:1.55;margin:0 0 8px 0;"">
<strong style=""color:#1F2937;-webkit-text-fill-color:#1F2937;"">Editable PowerPoint slide decks</strong> for all five units, dual-track (Deep Dive teacher / CB Standard student)</li>
<li style=""font-size:15px;color:#1F2937;-webkit-text-fill-color:#1F2937;line-height:1.55;margin:0;"">
<strong style=""color:#1F2937;-webkit-text-fill-color:#1F2937;"">Full-year pacing guide</strong>, block and semester pacing guide, project rubric, and onboarding docs</li>
</ul>
</div>

<div style=""background:#F5F0FF;border-radius:8px;padding:20px 22px;margin:0 0 16px 0;"">
<div style=""font-size:16px;font-weight:700;color:#6B21A8;-webkit-text-fill-color:#6B21A8;margin:0 0 10px 0;"">Course Access</div>
<ul style=""margin:0;padding:0 0 0 22px;"">
<li style=""font-size:15px;color:#1F2937;-webkit-text-fill-color:#1F2937;line-height:1.55;margin:0 0 8px 0;"">
<strong style=""color:#1F2937;-webkit-text-fill-color:#1F2937;"">Full student-facing course access</strong> at apcsexamprep.com for Units 1-5 (lessons, exercises, labs, quizzes, unit exams)</li>
<li style=""font-size:15px;color:#1F2937;-webkit-text-fill-color:#1F2937;line-height:1.55;margin:0 0 8px 0;"">
<strong style=""color:#1F2937;-webkit-text-fill-color:#1F2937;"">Class access codes</strong> with student progress tracking and a teacher gradebook</li>
<li style=""font-size:15px;color:#1F2937;-webkit-text-fill-color:#1F2937;line-height:1.55;margin:0;"">
<strong style=""color:#1F2937;-webkit-text-fill-color:#1F2937;"">Updates, corrections, and new material</strong> released during your license year at no additional cost</li>
</ul>
</div>

<div style=""font-size:16px;color:#1F2937;-webkit-text-fill-color:#1F2937;margin:0 0 14px 0;line-height:1.6;"">Everything above is finished and live. Access is provisioned on purchase.</div>

<div style=""font-size:22px;font-weight:700;color:#1E1B4B;-webkit-text-fill-color:#1E1B4B;margin:30px 0 14px 0;line-height:1.3;"">License and Renewal</div>

<div style=""background:#FFFFFF;border:2px solid #6B21A8;border-radius:8px;padding:20px 22px;margin:0 0 16px 0;"">
<div style=""font-size:15px;color:#1F2937;-webkit-text-fill-color:#1F2937;margin:0 0 14px 0;line-height:1.6;"">This is a <strong style=""color:#1F2937;-webkit-text-fill-color:#1F2937;"">single-teacher license for the 2026-27 school year</strong>. The license period runs <strong style=""color:#1F2937;-webkit-text-fill-color:#1F2937;"">July 1, 2026 through June 30, 2027</strong>. If you purchase before July 1, 2026, you get immediate access at no extra charge as a bridge into your license year.</div>
<div style=""font-size:15px;color:#1F2937;-webkit-text-fill-color:#1F2937;margin:0 0 14px 0;line-height:1.6;"">There is <strong style=""color:#1F2937;-webkit-text-fill-color:#1F2937;"">no automatic billing and no subscription</strong>. Nothing is charged to your card again. Renewal is a manual repurchase, and I will email you in the spring before your license year ends.</div>
<div style=""font-size:15px;color:#1F2937;-webkit-text-fill-color:#1F2937;margin:0 0 14px 0;line-height:1.6;"">
<strong style=""color:#1F2937;-webkit-text-fill-color:#1F2937;"">Founding teachers renew at the founding rate through the 2027-28 school year</strong>, even after public pricing increases on September 1, 2026.</div>
<div style=""font-size:15px;color:#1F2937;-webkit-text-fill-color:#1F2937;margin:0;line-height:1.6;"">If you choose not to renew, you keep every file you have already downloaded. What ends is access to the student-facing course and gradebook at apcsexamprep.com, and access to new material, corrections, and updates released after your license year.</div>
</div>

<div style=""font-size:22px;font-weight:700;color:#1E1B4B;-webkit-text-fill-color:#1E1B4B;margin:30px 0 14px 0;line-height:1.3;"">Built by a Teacher Who Teaches This</div>

<div style=""font-size:16px;color:#1F2937;-webkit-text-fill-color:#1F2937;margin:0 0 14px 0;line-height:1.6;"">You're rolling out a brand-new College Board course. The first year of any AP launch is the hardest, and you shouldn't have to build from scratch.</div>

<div style=""border:1px solid #E5E7EB;border-radius:8px;overflow:hidden;margin:0 0 16px 0;"">
<div style=""display:flex;background:#EDE9FE;border-bottom:1px solid #E5E7EB;"">
<div style=""flex:0 0 44%;padding:11px 16px;font-size:14px;font-weight:700;color:#1E1B4B;-webkit-text-fill-color:#1E1B4B;"">Exam</div>
<div style=""flex:1;padding:11px 16px;font-size:14px;font-weight:700;color:#1E1B4B;-webkit-text-fill-color:#1E1B4B;"">Tanner's Students</div>
<div style=""flex:1;padding:11px 16px;font-size:14px;font-weight:700;color:#1E1B4B;-webkit-text-fill-color:#1E1B4B;"">National Avg</div>
</div>
<div style=""display:flex;border-bottom:1px solid #E5E7EB;"">
<div style=""flex:0 0 44%;padding:11px 16px;font-size:15px;color:#1F2937;-webkit-text-fill-color:#1F2937;"">AP CSA (% scoring 5)</div>
<div style=""flex:1;padding:11px 16px;font-size:15px;font-weight:700;color:#0F766E;-webkit-text-fill-color:#0F766E;"">54.5%</div>
<div style=""flex:1;padding:11px 16px;font-size:15px;color:#1F2937;-webkit-text-fill-color:#1F2937;"">25.5%</div>
</div>
<div style=""display:flex;"">
<div style=""flex:0 0 44%;padding:11px 16px;font-size:15px;color:#1F2937;-webkit-text-fill-color:#1F2937;"">AP CSP (% scoring 5)</div>
<div style=""flex:1;padding:11px 16px;font-size:15px;font-weight:700;color:#0F766E;-webkit-text-fill-color:#0F766E;"">34.8%</div>
<div style=""flex:1;padding:11px 16px;font-size:15px;color:#1F2937;-webkit-text-fill-color:#1F2937;"">9.6%</div>
</div>
</div>

<div style=""font-size:22px;font-weight:700;color:#1E1B4B;-webkit-text-fill-color:#1E1B4B;margin:30px 0 14px 0;line-height:1.3;"">Two Ways to Purchase</div>

<div style=""background:#F9FAFB;border:1px solid #E5E7EB;border-radius:8px;padding:20px 22px;margin:0 0 14px 0;"">
<div style=""font-size:16px;font-weight:700;color:#6B21A8;-webkit-text-fill-color:#6B21A8;margin:0 0 6px 0;"">Direct Purchase - $249</div>
<div style=""font-size:13px;color:#6B7280;-webkit-text-fill-color:#6B7280;margin:0 0 10px 0;"">Credit card via Shopify checkout</div>
<div style=""font-size:15px;color:#1F2937;-webkit-text-fill-color:#1F2937;line-height:1.6;"">Pay by credit card directly through apcsexamprep.com. Fastest setup, immediate access to all five units.</div>
</div>

<div style=""background:#F9FAFB;border:1px solid #E5E7EB;border-radius:8px;padding:20px 22px;margin:0 0 26px 0;"">
<div style=""font-size:16px;font-weight:700;color:#6B21A8;-webkit-text-fill-color:#6B21A8;margin:0 0 6px 0;"">Purchase Order - $299</div>
<div style=""font-size:13px;color:#6B7280;-webkit-text-fill-color:#6B7280;margin:0 0 10px 0;"">Via TPT School Express</div>
<div style=""font-size:15px;color:#1F2937;-webkit-text-fill-color:#1F2937;line-height:1.6;"">For districts requiring purchase order processing. Same product, listed higher to account for TPT platform fees.</div>
</div>

<div style=""font-size:22px;font-weight:700;color:#1E1B4B;-webkit-text-fill-color:#1E1B4B;margin:30px 0 14px 0;line-height:1.3;"">Common Questions</div>

<div style=""font-size:16px;font-weight:700;color:#6B21A8;-webkit-text-fill-color:#6B21A8;margin:0 0 8px 0;"">What do I get access to, and when?</div>
<div style=""font-size:15px;color:#1F2937;-webkit-text-fill-color:#1F2937;margin:0 0 18px 0;line-height:1.6;"">Everything, immediately. All five unit Superpacks, all slide decks, both pacing guides, and the project rubric are finished and delivered on purchase. Access is provisioned automatically at checkout.</div>

<div style=""font-size:16px;font-weight:700;color:#6B21A8;-webkit-text-fill-color:#6B21A8;margin:0 0 8px 0;"">Is this a subscription? Will I be charged again automatically?</div>
<div style=""font-size:15px;color:#1F2937;-webkit-text-fill-color:#1F2937;margin:0 0 18px 0;line-height:1.6;"">No. There is no recurring billing and no per-student charge. This is a one-year single-teacher license that you renew manually if you want to continue. Your card is never charged again without you purchasing.</div>

<div style=""font-size:16px;font-weight:700;color:#6B21A8;-webkit-text-fill-color:#6B21A8;margin:0 0 8px 0;"">What happens at the end of the license year?</div>
<div style=""font-size:15px;color:#1F2937;-webkit-text-fill-color:#1F2937;margin:0 0 18px 0;line-height:1.6;"">Your license runs through June 30, 2027. You keep any files you downloaded. To keep student course access, the gradebook, and ongoing updates for 2027-28, you renew at the founding rate. I will email you in the spring with the renewal link.</div>

<div style=""font-size:16px;font-weight:700;color:#6B21A8;-webkit-text-fill-color:#6B21A8;margin:0 0 8px 0;"">When does founding teacher pricing end?</div>
<div style=""font-size:15px;color:#1F2937;-webkit-text-fill-color:#1F2937;margin:0 0 18px 0;line-height:1.6;"">Founding pricing of $249 direct and $299 via TPT ends <strong style=""color:#1F2937;-webkit-text-fill-color:#1F2937;"">September 1, 2026</strong>. Standard pricing after that is $349 direct and $399 via TPT. Teachers who purchase before September 1 keep the founding rate for renewal through the 2027-28 school year.</div>

<div style=""font-size:16px;font-weight:700;color:#6B21A8;-webkit-text-fill-color:#6B21A8;margin:0 0 8px 0;"">How do I use this in my classroom?</div>
<div style=""font-size:15px;color:#1F2937;-webkit-text-fill-color:#1F2937;margin:0 0 18px 0;line-height:1.6;"">The site works as a daily learning resource, where students work through lessons and quizzes on apcsexamprep.com while you guide vocabulary and context, or as a supplemental practice tool alongside your own instruction. The Superpack lesson plans support either approach.</div>

<div style=""font-size:16px;font-weight:700;color:#6B21A8;-webkit-text-fill-color:#6B21A8;margin:0 0 8px 0;"">My district needs a PO. What's the process?</div>
<div style=""font-size:15px;color:#1F2937;-webkit-text-fill-color:#1F2937;margin:0 0 18px 0;line-height:1.6;"">Purchase through TPT School Express at the $299 price point. TPT handles W-9 documentation, invoice generation, and PO processing directly with your district business office.</div>

<div style=""background:#1E1B4B;border-radius:8px;padding:20px 22px;margin:26px 0 0 0;"">
<div style=""font-size:17px;font-weight:700;color:#FFFFFF;-webkit-text-fill-color:#FFFFFF;margin:0 0 6px 0;"">Questions before you purchase?</div>
<div style=""font-size:15px;color:#EDE9FE;-webkit-text-fill-color:#EDE9FE;line-height:1.6;"">Reach out directly at tanner@apcsexamprep.com. I respond to every email from teachers.</div>
</div>

</div>

<!-- apcs-sdp-link: appended by scripts/build-teacher-bundle-privacy-link.js. Regenerate, do not hand edit. -->
<div class=""apcs-sdp-link"" style=""margin:28px 0 0;padding:16px 18px;background:#f9fafb;border-left:3px solid #2D6BC4;font-size:15px;line-height:1.6;"">
<strong>Buying this for a school or district?</strong> 
Students join with a display name and a four digit PIN. There is no student email address and no student account to provision. 
<a href=""/pages/student-data-privacy"">Read what we collect, who processes it, and how to have it deleted</a>, 
or send us your district's data privacy agreement and we will sign it.
</div>
"
"ap-networking-teacher-bundle","MERGE","<h2>Everything you need to teach AP Networking, built and classroom ready</h2>
<p>The complete teacher bundle for the College Board AP Career Kickstart networking pilot: all 22 topics across 4 units, authored to the official course framework. Decks, guides, tests, and answer keys are done, so your prep time goes to teaching instead of building.</p>

<h3>What is included</h3>
<ul>
  <li>
<strong>44 slide decks</strong> (14 slides each). Every topic ships a teacher edition with full speaker notes and answer reveals, plus a student edition with those stripped out.</li>
  <li>
<strong>44 lesson guides</strong>. Teacher guides carry answer keys, facilitation notes, timing, and the misconceptions students actually hit. Student guides are un-keyed guided notes.</li>
  <li>
<strong>4 unit tests with answer keys</strong>. 88 multiple choice questions and 8 free response prompts across the four units, every item tagged to its learning objective and essential knowledge statement.</li>
  <li>
<strong>4 scenario performance tasks</strong> with scoring rubrics: the Device Recovery Walkthrough, the Lab Network Field Manual, the Game Day Network Blueprint, and the Incident Report and Resilience Plan.</li>
  <li>
<strong>Gradebook class management</strong>. Issue a class code, roster your students, set your own mastery threshold and retry policy, and watch scores land automatically as students work through the online lessons.</li>
</ul>

<h3>The four units</h3>
<ul>
  <li>
<strong>Unit 1, Managing My Connections.</strong> Troubleshooting, connecting and optimizing, and securing a personal device.</li>
  <li>
<strong>Unit 2, Managing My Shared Connections.</strong> Documenting, upgrading, and defending a small office or home network.</li>
  <li>
<strong>Unit 3, Managing Many Connections.</strong> Designing, segmenting, and filtering a multi segment LAN from scratch.</li>
  <li>
<strong>Unit 4, Managing Our Global Connections.</strong> Protocols and the OSI and TCP/IP models, the command line, routing, monitoring, and IPv6.</li>
</ul>

<h3>Interactive work your students actually use</h3>
<p>All 22 topics include a browser based practice activity and an 8 question quiz. Both grade themselves and report to your gradebook, and both shuffle their cases and answer order every attempt, so no two runs are the same. Students isolate a fault on a topology strip, assemble an ordered firewall rule set with real first match behavior, read routing tables and traceroute output, and triage intrusion detection alerts.</p>
<p>On top of those, four full browser labs fill 26 periods of lab time: a device triage bench, a SOHO documentation and handoff, a segmented LAN build with routing and filtering, and a capture and trace investigation. Each runs a simulated network with a working command line, so ipconfig, ping, tracert, arp and nslookup all answer from a consistent model. Nothing to install, no networking hardware, works on a Chromebook.</p>

<h3>Built for how the course is actually taught</h3>
<p>Each unit opens with a real world scenario that its topics and performance task hang from. Every unit practices the AP Career Kickstart skills of connecting and configuring, securing, troubleshooting, and collaborating. Students use AI assistants and then verify the output by hand, which is a graded skill in this course rather than an afterthought.</p>

<h3>Delivery</h3>
<p>Download the full bundle right after checkout and use it in your classroom for the school year. Create your free teacher account to set up a class and issue join codes; the gradebook works alongside the bundle.</p>

<p><em>AP is a trademark of the College Board, which was not involved in the production of, and does not endorse, this resource.</em></p>

<!-- apcs-sdp-link: appended by scripts/build-teacher-bundle-privacy-link.js. Regenerate, do not hand edit. -->
<div class=""apcs-sdp-link"" style=""margin:28px 0 0;padding:16px 18px;background:#f9fafb;border-left:3px solid #2D6BC4;font-size:15px;line-height:1.6;"">
<strong>Buying this for a school or district?</strong> 
Students join with a display name and a four digit PIN. There is no student email address and no student account to provision. 
<a href=""/pages/student-data-privacy"">Read what we collect, who processes it, and how to have it deleted</a>, 
or send us your district's data privacy agreement and we will sign it.
</div>
"
