ap-csa-u1-c1-day-1-declaring-variables	AP CSAUnit 1 Day 1: Declaring Variables | Daily Practice | APCSExamPrep.com
ap-csa-u1-c1-day-10-creating-objects	AP CSAUnit 1 Day 10: Creating Objects | Daily Practice | APCSExamPrep.com
ap-csa-u1-c1-day-11-calling-void-methods	AP CSAUnit 1 Day 11: Calling Void Methods | Daily Practice | APCSExamPrep.com
ap-csa-u1-c1-day-12-return-values	AP CSAUnit 1 Day 12: Return Values | Daily Practice | APCSExamPrep.com
ap-csa-u1-c1-day-13-string-concatenation-mixed	AP CSAUnit 1 Day 13: String Concatenation Mixed | Daily Practice | APCSExamPrep.com
ap-csa-u1-c1-day-14-substring-indexof	AP CSAUnit 1 Day 14: Substring Indexof | Daily Practice | APCSExamPrep.com
ap-csa-u1-c1-day-15-chained-string-methods	AP CSAUnit 1 Day 15: Chained String Methods | Daily Practice | APCSExamPrep.com
ap-csa-u1-c1-day-16-length-extracting-chars	AP CSAUnit 1 Day 16: Length Extracting Chars | Daily Practice | APCSExamPrep.com
ap-csa-u1-c1-day-17-equals-vs-doubleequals	AP CSAUnit 1 Day 17: Equals Vs Doubleequals | Daily Practice | APCSExamPrep.com
ap-csa-u1-c1-day-18-compareto-ordering	AP CSAUnit 1 Day 18: Compareto Ordering | Daily Practice | APCSExamPrep.com
ap-csa-u1-c1-day-19-autoboxing-unboxing	AP CSAUnit 1 Day 19: Autoboxing Unboxing | Daily Practice | APCSExamPrep.com
ap-csa-u1-c1-day-2-primitive-ranges	AP CSAUnit 1 Day 2: Primitive Ranges | Daily Practice | APCSExamPrep.com
ap-csa-u1-c1-day-20-wrapper-equals-trap	AP CSAUnit 1 Day 20: Wrapper Equals Trap | Daily Practice | APCSExamPrep.com
ap-csa-u1-c1-day-21-math-abs-pow	AP CSAUnit 1 Day 21: Math Abs Pow | Daily Practice | APCSExamPrep.com
ap-csa-u1-c1-day-22-math-random-range	AP CSAUnit 1 Day 22: Math Random Range | Daily Practice | APCSExamPrep.com
ap-csa-u1-c1-day-23-math-sqrt-casting	AP CSAUnit 1 Day 23: Math Sqrt Casting | Daily Practice | APCSExamPrep.com
ap-csa-u1-c1-day-24-mixed-types-review	AP CSAUnit 1 Day 24: Mixed Types Review | Daily Practice | APCSExamPrep.com
ap-csa-u1-c1-day-25-string-method-edge-cases	AP CSAUnit 1 Day 25: String Method Edge Cases | Daily Practice | APCSExamPrep.com
ap-csa-u1-c1-day-26-objects-methods-returns	AP CSAUnit 1 Day 26: Objects Methods Returns | Daily Practice | APCSExamPrep.com
ap-csa-u1-c1-day-27-tracing-multiple-ops	AP CSAUnit 1 Day 27: Tracing Multiple Ops | Daily Practice | APCSExamPrep.com
ap-csa-u1-c1-day-28-comprehensive-review	AP CSAUnit 1 Day 28: Comprehensive Review | Daily Practice | APCSExamPrep.com
ap-csa-u1-c1-day-3-boolean-type-behavior	AP CSAUnit 1 Day 3: Boolean Type Behavior | Daily Practice | APCSExamPrep.com
ap-csa-u1-c1-day-4-operator-precedence	AP CSAUnit 1 Day 4: Operator Precedence | Daily Practice | APCSExamPrep.com
ap-csa-u1-c1-day-5-modulo-integer-division	AP CSAUnit 1 Day 5: Modulo Integer Division | Daily Practice | APCSExamPrep.com
ap-csa-u1-c1-day-6-compound-assignment	AP CSAUnit 1 Day 6: Compound Assignment | Daily Practice | APCSExamPrep.com
ap-csa-u1-c1-day-7-increment-decrement-modulo	AP CSAUnit 1 Day 7: Increment Decrement Modulo | Daily Practice | APCSExamPrep.com
ap-csa-u1-c1-day-8-casting-double-to-int	AP CSAUnit 1 Day 8: Casting Double To Int | Daily Practice | APCSExamPrep.com
ap-csa-u1-c1-day-9-mixed-type-arithmetic	AP CSAUnit 1 Day 9: Mixed Type Arithmetic | Daily Practice | APCSExamPrep.com
ap-csa-u1-c2-day-1-tricky-casting	AP CSAUnit 1 Day 1: Tricky Casting | Daily Practice | APCSExamPrep.com
ap-csa-u1-c2-day-10-concat-evaluation-order	AP CSAUnit 1 Day 10: Concat Evaluation Order | Daily Practice | APCSExamPrep.com
ap-csa-u1-c2-day-11-equals-ignorecase-traps	AP CSAUnit 1 Day 11: Equals Ignorecase Traps | Daily Practice | APCSExamPrep.com
ap-csa-u1-c2-day-12-error-string-bounds	AP CSAUnit 1 Day 12: Error String Bounds | Daily Practice | APCSExamPrep.com
ap-csa-u1-c2-day-13-iii-wrapper-behavior	AP CSAUnit 1 Day 13: Iii Wrapper Behavior | Daily Practice | APCSExamPrep.com
ap-csa-u1-c2-day-14-math-random-analysis	AP CSAUnit 1 Day 14: Math Random Analysis | Daily Practice | APCSExamPrep.com
ap-csa-u1-c2-day-15-complex-string-manipulation	AP CSAUnit 1 Day 15: Complex String Manipulation | Daily Practice | APCSExamPrep.com
ap-csa-u1-c2-day-16-casting-precision-loss	AP CSAUnit 1 Day 16: Casting Precision Loss | Daily Practice | APCSExamPrep.com
ap-csa-u1-c2-day-17-wrapper-null-safety	AP CSAUnit 1 Day 17: Wrapper Null Safety | Daily Practice | APCSExamPrep.com
ap-csa-u1-c2-day-18-multi-concept-cast-div-mod	AP CSAUnit 1 Day 18: Multi Concept Cast Div Mod | Daily Practice | APCSExamPrep.com
ap-csa-u1-c2-day-19-error-math-methods	AP CSAUnit 1 Day 19: Error Math Methods | Daily Practice | APCSExamPrep.com
ap-csa-u1-c2-day-2-order-ops-mixed-types	AP CSAUnit 1 Day 2: Order Ops Mixed Types | Daily Practice | APCSExamPrep.com
ap-csa-u1-c2-day-20-iii-expression-evaluation	AP CSAUnit 1 Day 20: Iii Expression Evaluation | Daily Practice | APCSExamPrep.com
ap-csa-u1-c2-day-21-string-building-conditionals	AP CSAUnit 1 Day 21: String Building Conditionals | Daily Practice | APCSExamPrep.com
ap-csa-u1-c2-day-22-error-type-mismatch	AP CSAUnit 1 Day 22: Error Type Mismatch | Daily Practice | APCSExamPrep.com
ap-csa-u1-c2-day-23-compareto-prefix-strings	AP CSAUnit 1 Day 23: Compareto Prefix Strings | Daily Practice | APCSExamPrep.com
ap-csa-u1-c2-day-24-complex-return-tracing	AP CSAUnit 1 Day 24: Complex Return Tracing | Daily Practice | APCSExamPrep.com
ap-csa-u1-c2-day-25-iii-mixed-concepts	AP CSAUnit 1 Day 25: Iii Mixed Concepts | Daily Practice | APCSExamPrep.com
ap-csa-u1-c2-day-26-tracing-concat-methods	AP CSAUnit 1 Day 26: Tracing Concat Methods | Daily Practice | APCSExamPrep.com
ap-csa-u1-c2-day-27-comprehensive-expression-tracing	AP CSAUnit 1 Day 27: Comprehensive Expression Tracing | Daily Practice | APCSExamPrep.com
ap-csa-u1-c2-day-28-comprehensive-final-review	AP CSAUnit 1 Day 28: Comprehensive Final Review | Daily Practice | APCSExamPrep.com
ap-csa-u1-c2-day-3-error-spotting-assignment	AP CSAUnit 1 Day 3: Error Spotting Assignment | Daily Practice | APCSExamPrep.com
ap-csa-u1-c2-day-4-iii-integer-division	AP CSAUnit 1 Day 4: Iii Integer Division | Daily Practice | APCSExamPrep.com
ap-csa-u1-c2-day-5-compound-narrowing	AP CSAUnit 1 Day 5: Compound Narrowing | Daily Practice | APCSExamPrep.com
ap-csa-u1-c2-day-6-multi-step-reassignment	AP CSAUnit 1 Day 6: Multi Step Reassignment | Daily Practice | APCSExamPrep.com
ap-csa-u1-c2-day-7-error-method-calls	AP CSAUnit 1 Day 7: Error Method Calls | Daily Practice | APCSExamPrep.com
ap-csa-u1-c2-day-8-iii-string-behavior	AP CSAUnit 1 Day 8: Iii String Behavior | Daily Practice | APCSExamPrep.com
ap-csa-u1-c2-day-9-nested-method-calls	AP CSAUnit 1 Day 9: Nested Method Calls | Daily Practice | APCSExamPrep.com
ap-csa-u2-c1-day-1-boolean-expressions	AP CSAUnit 2 Day 1: Boolean Expressions | Daily Practice | APCSExamPrep.com
ap-csa-u2-c1-day-10-comparing-objects	AP CSAUnit 2 Day 10: Comparing Objects | Daily Practice | APCSExamPrep.com
ap-csa-u2-c1-day-11-while-loop-basics	AP CSAUnit 2 Day 11: While Loop Basics | Daily Practice | APCSExamPrep.com
ap-csa-u2-c1-day-12-while-condition-change	AP CSAUnit 2 Day 12: While Condition Change | Daily Practice | APCSExamPrep.com
ap-csa-u2-c1-day-13-infinite-loop	AP CSAUnit 2 Day 13: Infinite Loop | Daily Practice | APCSExamPrep.com
ap-csa-u2-c1-day-14-for-loop-tracing	AP CSAUnit 2 Day 14: For Loop Tracing | Daily Practice | APCSExamPrep.com
ap-csa-u2-c1-day-15-for-loop-counting	AP CSAUnit 2 Day 15: For Loop Counting | Daily Practice | APCSExamPrep.com
ap-csa-u2-c1-day-16-loop-running-max	AP CSAUnit 2 Day 16: Loop Running Max | Daily Practice | APCSExamPrep.com
ap-csa-u2-c1-day-17-string-traversal	AP CSAUnit 2 Day 17: String Traversal | Daily Practice | APCSExamPrep.com
ap-csa-u2-c1-day-18-string-building-traversal	AP CSAUnit 2 Day 18: String Building Traversal | Daily Practice | APCSExamPrep.com
ap-csa-u2-c1-day-19-nested-loop-pattern	AP CSAUnit 2 Day 19: Nested Loop Pattern | Daily Practice | APCSExamPrep.com
ap-csa-u2-c1-day-2-relational-operators	AP CSAUnit 2 Day 2: Relational Operators | Daily Practice | APCSExamPrep.com
ap-csa-u2-c1-day-20-nested-loop-counting	AP CSAUnit 2 Day 20: Nested Loop Counting | Daily Practice | APCSExamPrep.com
ap-csa-u2-c1-day-21-nested-loop-accumulator	AP CSAUnit 2 Day 21: Nested Loop Accumulator | Daily Practice | APCSExamPrep.com
ap-csa-u2-c1-day-22-loop-errors	AP CSAUnit 2 Day 22: Loop Errors | Daily Practice | APCSExamPrep.com
ap-csa-u2-c1-day-23-if-else-loop	AP CSAUnit 2 Day 23: If Else Loop | Daily Practice | APCSExamPrep.com
ap-csa-u2-c1-day-24-while-string-processing	AP CSAUnit 2 Day 24: While String Processing | Daily Practice | APCSExamPrep.com
ap-csa-u2-c1-day-25-for-loop-boundary	AP CSAUnit 2 Day 25: For Loop Boundary | Daily Practice | APCSExamPrep.com
ap-csa-u2-c1-day-26-demorgans-applied	AP CSAUnit 2 Day 26: Demorgans Applied | Daily Practice | APCSExamPrep.com
ap-csa-u2-c1-day-27-loop-conditional-tracing	AP CSAUnit 2 Day 27: Loop Conditional Tracing | Daily Practice | APCSExamPrep.com
ap-csa-u2-c1-day-28-comprehensive-review	AP CSAUnit 2 Day 28: Comprehensive Review | Daily Practice | APCSExamPrep.com
ap-csa-u2-c1-day-3-boolean-variables	AP CSAUnit 2 Day 3: Boolean Variables | Daily Practice | APCSExamPrep.com
ap-csa-u2-c1-day-4-if-statement	AP CSAUnit 2 Day 4: If Statement | Daily Practice | APCSExamPrep.com
ap-csa-u2-c1-day-5-if-else	AP CSAUnit 2 Day 5: If Else | Daily Practice | APCSExamPrep.com
ap-csa-u2-c1-day-6-else-if-chain	AP CSAUnit 2 Day 6: Else If Chain | Daily Practice | APCSExamPrep.com
ap-csa-u2-c1-day-7-compound-boolean	AP CSAUnit 2 Day 7: Compound Boolean | Daily Practice | APCSExamPrep.com
ap-csa-u2-c1-day-8-short-circuit	AP CSAUnit 2 Day 8: Short Circuit | Daily Practice | APCSExamPrep.com
ap-csa-u2-c1-day-9-de-morgans-laws	AP CSAUnit 2 Day 9: De Morgans Laws | Daily Practice | APCSExamPrep.com
ap-csa-u2-c2-day-1-nested-if-compound	AP CSAUnit 2 Day 1: Nested If Compound | Daily Practice | APCSExamPrep.com
ap-csa-u2-c2-day-10-complex-string-traversal	AP CSAUnit 2 Day 10: Complex String Traversal | Daily Practice | APCSExamPrep.com
ap-csa-u2-c2-day-11-error-loop-modify	AP CSAUnit 2 Day 11: Error Loop Modify | Daily Practice | APCSExamPrep.com
ap-csa-u2-c2-day-12-while-complex-condition	AP CSAUnit 2 Day 12: While Complex Condition | Daily Practice | APCSExamPrep.com
ap-csa-u2-c2-day-13-iii-if-else-outcomes	AP CSAUnit 2 Day 13: Iii If Else Outcomes | Daily Practice | APCSExamPrep.com
ap-csa-u2-c2-day-14-nested-loop-string	AP CSAUnit 2 Day 14: Nested Loop String | Daily Practice | APCSExamPrep.com
ap-csa-u2-c2-day-15-compound-string-conditions	AP CSAUnit 2 Day 15: Compound String Conditions | Daily Practice | APCSExamPrep.com
ap-csa-u2-c2-day-16-for-multiple-updates	AP CSAUnit 2 Day 16: For Multiple Updates | Daily Practice | APCSExamPrep.com
ap-csa-u2-c2-day-17-error-scope	AP CSAUnit 2 Day 17: Error Scope | Daily Practice | APCSExamPrep.com
ap-csa-u2-c2-day-18-nested-conditional-logic	AP CSAUnit 2 Day 18: Nested Conditional Logic | Daily Practice | APCSExamPrep.com
ap-csa-u2-c2-day-19-loop-digit-sum	AP CSAUnit 2 Day 19: Loop Digit Sum | Daily Practice | APCSExamPrep.com
ap-csa-u2-c2-day-2-demorgans-complex	AP CSAUnit 2 Day 2: Demorgans Complex | Daily Practice | APCSExamPrep.com
ap-csa-u2-c2-day-20-iii-loop-behavior	AP CSAUnit 2 Day 20: Iii Loop Behavior | Daily Practice | APCSExamPrep.com
ap-csa-u2-c2-day-21-string-conditional-replace	AP CSAUnit 2 Day 21: String Conditional Replace | Daily Practice | APCSExamPrep.com
ap-csa-u2-c2-day-22-error-dangling-else	AP CSAUnit 2 Day 22: Error Dangling Else | Daily Practice | APCSExamPrep.com
ap-csa-u2-c2-day-23-loop-early-return	AP CSAUnit 2 Day 23: Loop Early Return | Daily Practice | APCSExamPrep.com
ap-csa-u2-c2-day-24-complex-nested-trace	AP CSAUnit 2 Day 24: Complex Nested Trace | Daily Practice | APCSExamPrep.com
ap-csa-u2-c2-day-25-iii-string-patterns	AP CSAUnit 2 Day 25: Iii String Patterns | Daily Practice | APCSExamPrep.com
ap-csa-u2-c2-day-26-palindrome-check	AP CSAUnit 2 Day 26: Palindrome Check | Daily Practice | APCSExamPrep.com
ap-csa-u2-c2-day-27-complex-conditional-loop	AP CSAUnit 2 Day 27: Complex Conditional Loop | Daily Practice | APCSExamPrep.com
ap-csa-u2-c2-day-28-comprehensive-final-review	AP CSAUnit 2 Day 28: Comprehensive Final Review | Daily Practice | APCSExamPrep.com
ap-csa-u2-c2-day-3-error-off-by-one	AP CSAUnit 2 Day 3: Error Off By One | Daily Practice | APCSExamPrep.com
ap-csa-u2-c2-day-4-iii-loop-equivalence	AP CSAUnit 2 Day 4: Iii Loop Equivalence | Daily Practice | APCSExamPrep.com
ap-csa-u2-c2-day-5-short-circuit-side-effects	AP CSAUnit 2 Day 5: Short Circuit Side Effects | Daily Practice | APCSExamPrep.com
ap-csa-u2-c2-day-6-elseif-vs-sequential	AP CSAUnit 2 Day 6: Elseif Vs Sequential | Daily Practice | APCSExamPrep.com
ap-csa-u2-c2-day-7-while-state-tracking	AP CSAUnit 2 Day 7: While State Tracking | Daily Practice | APCSExamPrep.com
ap-csa-u2-c2-day-8-iii-boolean-equivalence	AP CSAUnit 2 Day 8: Iii Boolean Equivalence | Daily Practice | APCSExamPrep.com
ap-csa-u2-c2-day-9-nested-loop-early-exit	AP CSAUnit 2 Day 9: Nested Loop Early Exit | Daily Practice | APCSExamPrep.com
ap-csa-u3-c1-day-1-class-anatomy	AP CSAUnit 3 Day 1: Class Anatomy | Daily Practice | APCSExamPrep.com
ap-csa-u3-c1-day-10-this-keyword	AP CSAUnit 3 Day 10: This Keyword | Daily Practice | APCSExamPrep.com
ap-csa-u3-c1-day-11-inheritance-basics	AP CSAUnit 3 Day 11: Inheritance Basics | Daily Practice | APCSExamPrep.com
ap-csa-u3-c1-day-12-super-constructor	AP CSAUnit 3 Day 12: Super Constructor | Daily Practice | APCSExamPrep.com
ap-csa-u3-c1-day-13-overriding-methods	AP CSAUnit 3 Day 13: Overriding Methods | Daily Practice | APCSExamPrep.com
ap-csa-u3-c1-day-14-polymorphic-references	AP CSAUnit 3 Day 14: Polymorphic References | Daily Practice | APCSExamPrep.com
ap-csa-u3-c1-day-15-polymorphism-method-calls	AP CSAUnit 3 Day 15: Polymorphism Method Calls | Daily Practice | APCSExamPrep.com
ap-csa-u3-c1-day-16-tostring-equals	AP CSAUnit 3 Day 16: Tostring Equals | Daily Practice | APCSExamPrep.com
ap-csa-u3-c1-day-17-encapsulation	AP CSAUnit 3 Day 17: Encapsulation | Daily Practice | APCSExamPrep.com
ap-csa-u3-c1-day-18-method-design	AP CSAUnit 3 Day 18: Method Design | Daily Practice | APCSExamPrep.com
ap-csa-u3-c1-day-19-method-interaction	AP CSAUnit 3 Day 19: Method Interaction | Daily Practice | APCSExamPrep.com
ap-csa-u3-c1-day-2-constructor-overloading	AP CSAUnit 3 Day 2: Constructor Overloading | Daily Practice | APCSExamPrep.com
ap-csa-u3-c1-day-20-calling-super-methods	AP CSAUnit 3 Day 20: Calling Super Methods | Daily Practice | APCSExamPrep.com
ap-csa-u3-c1-day-21-constructor-chaining	AP CSAUnit 3 Day 21: Constructor Chaining | Daily Practice | APCSExamPrep.com
ap-csa-u3-c1-day-22-polymorphism-arrays	AP CSAUnit 3 Day 22: Polymorphism Arrays | Daily Practice | APCSExamPrep.com
ap-csa-u3-c1-day-23-comparing-objects-same-class	AP CSAUnit 3 Day 23: Comparing Objects Same Class | Daily Practice | APCSExamPrep.com
ap-csa-u3-c1-day-24-complete-class	AP CSAUnit 3 Day 24: Complete Class | Daily Practice | APCSExamPrep.com
ap-csa-u3-c1-day-25-inheritance-method-availability	AP CSAUnit 3 Day 25: Inheritance Method Availability | Daily Practice | APCSExamPrep.com
ap-csa-u3-c1-day-26-constructor-method-tracing	AP CSAUnit 3 Day 26: Constructor Method Tracing | Daily Practice | APCSExamPrep.com
ap-csa-u3-c1-day-27-inheritance-tracing	AP CSAUnit 3 Day 27: Inheritance Tracing | Daily Practice | APCSExamPrep.com
ap-csa-u3-c1-day-28-comprehensive-review	AP CSAUnit 3 Day 28: Comprehensive Review | Daily Practice | APCSExamPrep.com
ap-csa-u3-c1-day-3-constructor-param-vs-field	AP CSAUnit 3 Day 3: Constructor Param Vs Field | Daily Practice | APCSExamPrep.com
ap-csa-u3-c1-day-4-accessor-methods	AP CSAUnit 3 Day 4: Accessor Methods | Daily Practice | APCSExamPrep.com
ap-csa-u3-c1-day-5-mutator-methods	AP CSAUnit 3 Day 5: Mutator Methods | Daily Practice | APCSExamPrep.com
ap-csa-u3-c1-day-6-methods-with-params	AP CSAUnit 3 Day 6: Methods With Params | Daily Practice | APCSExamPrep.com
ap-csa-u3-c1-day-7-static-vs-instance	AP CSAUnit 3 Day 7: Static Vs Instance | Daily Practice | APCSExamPrep.com
ap-csa-u3-c1-day-8-static-methods	AP CSAUnit 3 Day 8: Static Methods | Daily Practice | APCSExamPrep.com
ap-csa-u3-c1-day-9-scope-access	AP CSAUnit 3 Day 9: Scope Access | Daily Practice | APCSExamPrep.com
ap-csa-u3-c2-day-1-iii-constructor-behavior	AP CSAUnit 3 Day 1: Iii Constructor Behavior | Daily Practice | APCSExamPrep.com
ap-csa-u3-c2-day-10-what-to-override	AP CSAUnit 3 Day 10: What To Override | Daily Practice | APCSExamPrep.com
ap-csa-u3-c2-day-11-complex-polymorphism	AP CSAUnit 3 Day 11: Complex Polymorphism | Daily Practice | APCSExamPrep.com
ap-csa-u3-c2-day-12-equals-override	AP CSAUnit 3 Day 12: Equals Override | Daily Practice | APCSExamPrep.com
ap-csa-u3-c2-day-13-iii-static-behavior	AP CSAUnit 3 Day 13: Iii Static Behavior | Daily Practice | APCSExamPrep.com
ap-csa-u3-c2-day-14-multi-level-override	AP CSAUnit 3 Day 14: Multi Level Override | Daily Practice | APCSExamPrep.com
ap-csa-u3-c2-day-15-polymorphic-array-processing	AP CSAUnit 3 Day 15: Polymorphic Array Processing | Daily Practice | APCSExamPrep.com
ap-csa-u3-c2-day-16-constructor-validation	AP CSAUnit 3 Day 16: Constructor Validation | Daily Practice | APCSExamPrep.com
ap-csa-u3-c2-day-17-super-tostring	AP CSAUnit 3 Day 17: Super Tostring | Daily Practice | APCSExamPrep.com
ap-csa-u3-c2-day-18-scope-error-local-instance	AP CSAUnit 3 Day 18: Scope Error Local Instance | Daily Practice | APCSExamPrep.com
ap-csa-u3-c2-day-19-iii-encapsulation	AP CSAUnit 3 Day 19: Iii Encapsulation | Daily Practice | APCSExamPrep.com
ap-csa-u3-c2-day-2-error-missing-super	AP CSAUnit 3 Day 2: Error Missing Super | Daily Practice | APCSExamPrep.com
ap-csa-u3-c2-day-20-polymorphism-object-sort	AP CSAUnit 3 Day 20: Polymorphism Object Sort | Daily Practice | APCSExamPrep.com
ap-csa-u3-c2-day-21-method-object-param	AP CSAUnit 3 Day 21: Method Object Param | Daily Practice | APCSExamPrep.com
ap-csa-u3-c2-day-22-error-incorrect-override	AP CSAUnit 3 Day 22: Error Incorrect Override | Daily Practice | APCSExamPrep.com
ap-csa-u3-c2-day-23-constructor-chain-super	AP CSAUnit 3 Day 23: Constructor Chain Super | Daily Practice | APCSExamPrep.com
ap-csa-u3-c2-day-24-mutable-reference-return	AP CSAUnit 3 Day 24: Mutable Reference Return | Daily Practice | APCSExamPrep.com
ap-csa-u3-c2-day-25-polymorphism-multiple-calls	AP CSAUnit 3 Day 25: Polymorphism Multiple Calls | Daily Practice | APCSExamPrep.com
ap-csa-u3-c2-day-26-class-collection-field	AP CSAUnit 3 Day 26: Class Collection Field | Daily Practice | APCSExamPrep.com
ap-csa-u3-c2-day-27-comprehensive-inheritance	AP CSAUnit 3 Day 27: Comprehensive Inheritance | Daily Practice | APCSExamPrep.com
ap-csa-u3-c2-day-28-comprehensive-final	AP CSAUnit 3 Day 28: Comprehensive Final | Daily Practice | APCSExamPrep.com
ap-csa-u3-c2-day-3-compile-vs-runtime	AP CSAUnit 3 Day 3: Compile Vs Runtime | Daily Practice | APCSExamPrep.com
ap-csa-u3-c2-day-4-this-method-chaining	AP CSAUnit 3 Day 4: This Method Chaining | Daily Practice | APCSExamPrep.com
ap-csa-u3-c2-day-5-static-instance-error	AP CSAUnit 3 Day 5: Static Instance Error | Daily Practice | APCSExamPrep.com
ap-csa-u3-c2-day-6-override-vs-overload	AP CSAUnit 3 Day 6: Override Vs Overload | Daily Practice | APCSExamPrep.com
ap-csa-u3-c2-day-7-iii-inheritance-rules	AP CSAUnit 3 Day 7: Iii Inheritance Rules | Daily Practice | APCSExamPrep.com
ap-csa-u3-c2-day-8-polymorphism-tostring	AP CSAUnit 3 Day 8: Polymorphism Tostring | Daily Practice | APCSExamPrep.com
ap-csa-u3-c2-day-9-error-private-parent	AP CSAUnit 3 Day 9: Error Private Parent | Daily Practice | APCSExamPrep.com
ap-csa-u4-c1-day-1-array-declaration	AP CSAUnit 4 Day 1: Array Declaration | Daily Practice | APCSExamPrep.com
ap-csa-u4-c1-day-10-arraylist-basics	AP CSAUnit 4 Day 10: Arraylist Basics | Daily Practice | APCSExamPrep.com
ap-csa-u4-c1-day-11-arraylist-remove	AP CSAUnit 4 Day 11: Arraylist Remove | Daily Practice | APCSExamPrep.com
ap-csa-u4-c1-day-12-arraylist-set-get	AP CSAUnit 4 Day 12: Arraylist Set Get | Daily Practice | APCSExamPrep.com
ap-csa-u4-c1-day-13-arraylist-traversal-removal	AP CSAUnit 4 Day 13: Arraylist Traversal Removal | Daily Practice | APCSExamPrep.com
ap-csa-u4-c1-day-14-arraylist-from-array	AP CSAUnit 4 Day 14: Arraylist From Array | Daily Practice | APCSExamPrep.com
ap-csa-u4-c1-day-15-forward-removal-bug	AP CSAUnit 4 Day 15: Forward Removal Bug | Daily Practice | APCSExamPrep.com
ap-csa-u4-c1-day-16-linear-search	AP CSAUnit 4 Day 16: Linear Search | Daily Practice | APCSExamPrep.com
ap-csa-u4-c1-day-17-binary-search	AP CSAUnit 4 Day 17: Binary Search | Daily Practice | APCSExamPrep.com
ap-csa-u4-c1-day-18-selection-sort	AP CSAUnit 4 Day 18: Selection Sort | Daily Practice | APCSExamPrep.com
ap-csa-u4-c1-day-19-insertion-sort	AP CSAUnit 4 Day 19: Insertion Sort | Daily Practice | APCSExamPrep.com
ap-csa-u4-c1-day-2-array-initializer	AP CSAUnit 4 Day 2: Array Initializer | Daily Practice | APCSExamPrep.com
ap-csa-u4-c1-day-20-comparing-sorts	AP CSAUnit 4 Day 20: Comparing Sorts | Daily Practice | APCSExamPrep.com
ap-csa-u4-c1-day-21-2d-array-basics	AP CSAUnit 4 Day 21: 2D Array Basics | Daily Practice | APCSExamPrep.com
ap-csa-u4-c1-day-22-2d-row-traversal	AP CSAUnit 4 Day 22: 2D Row Traversal | Daily Practice | APCSExamPrep.com
ap-csa-u4-c1-day-23-2d-column-traversal	AP CSAUnit 4 Day 23: 2D Column Traversal | Daily Practice | APCSExamPrep.com
ap-csa-u4-c1-day-24-2d-row-sums	AP CSAUnit 4 Day 24: 2D Row Sums | Daily Practice | APCSExamPrep.com
ap-csa-u4-c1-day-25-2d-counting	AP CSAUnit 4 Day 25: 2D Counting | Daily Practice | APCSExamPrep.com
ap-csa-u4-c1-day-26-array-vs-arraylist	AP CSAUnit 4 Day 26: Array Vs Arraylist | Daily Practice | APCSExamPrep.com
ap-csa-u4-c1-day-27-mixed-algorithms	AP CSAUnit 4 Day 27: Mixed Algorithms | Daily Practice | APCSExamPrep.com
ap-csa-u4-c1-day-28-comprehensive-review	AP CSAUnit 4 Day 28: Comprehensive Review | Daily Practice | APCSExamPrep.com
ap-csa-u4-c1-day-3-array-bounds	AP CSAUnit 4 Day 3: Array Bounds | Daily Practice | APCSExamPrep.com
ap-csa-u4-c1-day-4-for-loop-traversal	AP CSAUnit 4 Day 4: For Loop Traversal | Daily Practice | APCSExamPrep.com
ap-csa-u4-c1-day-5-enhanced-for	AP CSAUnit 4 Day 5: Enhanced For | Daily Practice | APCSExamPrep.com
ap-csa-u4-c1-day-6-enhanced-for-modify	AP CSAUnit 4 Day 6: Enhanced For Modify | Daily Practice | APCSExamPrep.com
ap-csa-u4-c1-day-7-finding-max	AP CSAUnit 4 Day 7: Finding Max | Daily Practice | APCSExamPrep.com
ap-csa-u4-c1-day-8-counting-matches	AP CSAUnit 4 Day 8: Counting Matches | Daily Practice | APCSExamPrep.com
ap-csa-u4-c1-day-9-shifting-elements	AP CSAUnit 4 Day 9: Shifting Elements | Daily Practice | APCSExamPrep.com
ap-csa-u4-c2-day-1-array-aliasing-trap	AP CSAUnit 4 Day 1: Array Aliasing Trap | Daily Practice | APCSExamPrep.com
ap-csa-u4-c2-day-10-2d-diagonal	AP CSAUnit 4 Day 10: 2D Diagonal | Daily Practice | APCSExamPrep.com
ap-csa-u4-c2-day-11-iii-arraylist-ops	AP CSAUnit 4 Day 11: Iii Arraylist Ops | Daily Practice | APCSExamPrep.com
ap-csa-u4-c2-day-12-2d-column-sum	AP CSAUnit 4 Day 12: 2D Column Sum | Daily Practice | APCSExamPrep.com
ap-csa-u4-c2-day-13-reverse-in-place	AP CSAUnit 4 Day 13: Reverse In Place | Daily Practice | APCSExamPrep.com
ap-csa-u4-c2-day-14-removing-duplicates	AP CSAUnit 4 Day 14: Removing Duplicates | Daily Practice | APCSExamPrep.com
ap-csa-u4-c2-day-15-2d-border	AP CSAUnit 4 Day 15: 2D Border | Daily Practice | APCSExamPrep.com
ap-csa-u4-c2-day-16-frequency-table	AP CSAUnit 4 Day 16: Frequency Table | Daily Practice | APCSExamPrep.com
ap-csa-u4-c2-day-17-compareto-sorting	AP CSAUnit 4 Day 17: Compareto Sorting | Daily Practice | APCSExamPrep.com
ap-csa-u4-c2-day-18-2d-transpose	AP CSAUnit 4 Day 18: 2D Transpose | Daily Practice | APCSExamPrep.com
ap-csa-u4-c2-day-19-iii-search-sort	AP CSAUnit 4 Day 19: Iii Search Sort | Daily Practice | APCSExamPrep.com
ap-csa-u4-c2-day-2-iii-traversal-patterns	AP CSAUnit 4 Day 2: Iii Traversal Patterns | Daily Practice | APCSExamPrep.com
ap-csa-u4-c2-day-20-merge-sorted	AP CSAUnit 4 Day 20: Merge Sorted | Daily Practice | APCSExamPrep.com
ap-csa-u4-c2-day-21-2d-linear-search	AP CSAUnit 4 Day 21: 2D Linear Search | Daily Practice | APCSExamPrep.com
ap-csa-u4-c2-day-22-type-safety	AP CSAUnit 4 Day 22: Type Safety | Daily Practice | APCSExamPrep.com
ap-csa-u4-c2-day-23-broken-reversal	AP CSAUnit 4 Day 23: Broken Reversal | Daily Practice | APCSExamPrep.com
ap-csa-u4-c2-day-24-consecutive-duplicates	AP CSAUnit 4 Day 24: Consecutive Duplicates | Daily Practice | APCSExamPrep.com
ap-csa-u4-c2-day-25-2d-checkerboard	AP CSAUnit 4 Day 25: 2D Checkerboard | Daily Practice | APCSExamPrep.com
ap-csa-u4-c2-day-26-2d-to-arraylist	AP CSAUnit 4 Day 26: 2D To Arraylist | Daily Practice | APCSExamPrep.com
ap-csa-u4-c2-day-27-counting-ascending	AP CSAUnit 4 Day 27: Counting Ascending | Daily Practice | APCSExamPrep.com
ap-csa-u4-c2-day-28-comprehensive-final	AP CSAUnit 4 Day 28: Comprehensive Final | Daily Practice | APCSExamPrep.com
ap-csa-u4-c2-day-3-off-by-one-adjacent	AP CSAUnit 4 Day 3: Off By One Adjacent | Daily Practice | APCSExamPrep.com
ap-csa-u4-c2-day-4-integer-removal	AP CSAUnit 4 Day 4: Integer Removal | Daily Practice | APCSExamPrep.com
ap-csa-u4-c2-day-5-concurrent-modification	AP CSAUnit 4 Day 5: Concurrent Modification | Daily Practice | APCSExamPrep.com
ap-csa-u4-c2-day-6-binary-search-precondition	AP CSAUnit 4 Day 6: Binary Search Precondition | Daily Practice | APCSExamPrep.com
ap-csa-u4-c2-day-7-selection-sort-trace	AP CSAUnit 4 Day 7: Selection Sort Trace | Daily Practice | APCSExamPrep.com
ap-csa-u4-c2-day-8-insertion-sort-worst	AP CSAUnit 4 Day 8: Insertion Sort Worst | Daily Practice | APCSExamPrep.com
ap-csa-u4-c2-day-9-while-removal	AP CSAUnit 4 Day 9: While Removal | Daily Practice | APCSExamPrep.com
unit-1-cycle-2-day-1-string-concatenation-order	AP CSAUnit 1 Day 1: String Concatenation Order | Daily Practice | APCSExamPrep.com
unit-1-cycle-2-day-10-reassigning-object-parameter	AP CSAUnit 1 Day 10: Reassigning Object Parameter | Daily Practice | APCSExamPrep.com
unit-1-cycle-2-day-11-string-literals-and	AP CSAUnit 1 Day 11: String Literals And | Daily Practice | APCSExamPrep.com
unit-1-cycle-2-day-12-substring-pieces-concatenation	AP CSAUnit 1 Day 12: Substring Pieces Concatenation | Daily Practice | APCSExamPrep.com
unit-1-cycle-2-day-13-nested-method-calls	AP CSAUnit 1 Day 13: Nested Method Calls | Daily Practice | APCSExamPrep.com
unit-1-cycle-2-day-14-indexof-substring-computed-indices	AP CSAUnit 1 Day 14: Indexof Substring Computed Indices | Daily Practi | APCSExamPrep.com
unit-1-cycle-2-day-15-object-state-change	AP CSAUnit 1 Day 15: Object State Change | Daily Practice | APCSExamPrep.com
unit-1-cycle-2-day-16-repeated-method-calls-mutate-object-state	AP CSAUnit 1 Day 16: Repeated Method Calls Mutate Object State | Daily | APCSExamPrep.com
unit-1-cycle-2-day-17-math-random-with-constrained-values	AP CSAUnit 1 Day 17: Math Random With Constrained Values | Daily Pract | APCSExamPrep.com
unit-1-cycle-2-day-18-math-pow-returns-double	AP CSAUnit 1 Day 18: Math Pow Returns Double | Daily Practice | APCSExamPrep.com
unit-1-cycle-2-day-19-math-pow-then-cast-to-int	AP CSAUnit 1 Day 19: Math Pow Then Cast To Int | Daily Practice | APCSExamPrep.com
unit-1-cycle-2-day-2-substringstartend-indexing	AP CSAUnit 1 Day 2: Substringstartend Indexing | Daily Practice | APCSExamPrep.com
unit-1-cycle-2-day-20-string-touppercase	AP CSAUnit 1 Day 20: String Touppercase | Daily Practice | APCSExamPrep.com
unit-1-cycle-2-day-21-aliasing-two-references-to-same-object	AP CSAUnit 1 Day 21: Aliasing Two References To Same Object | Daily Pr | APCSExamPrep.com
unit-1-cycle-2-day-22-distinct-objects-with-same-state	AP CSAUnit 1 Day 22: Distinct Objects With Same State | Daily Practice | APCSExamPrep.com
unit-1-cycle-2-day-23-pass-by-value-for-primitives	AP CSAUnit 1 Day 23: Pass By Value For Primitives | Daily Practice | APCSExamPrep.com
unit-1-cycle-2-day-24-capturing-return-value-updates-variable	AP CSAUnit 1 Day 24: Capturing Return Value Updates Variable | Daily P | APCSExamPrep.com
unit-1-cycle-2-day-25-string-immutability	AP CSAUnit 1 Day 25: String Immutability | Daily Practice | APCSExamPrep.com
unit-1-cycle-2-day-26-reassigning-string-method-result	AP CSAUnit 1 Day 26: Reassigning String Method Result | Daily Practice | APCSExamPrep.com
unit-1-cycle-2-day-27-passing-object-to-method-mutates-state	AP CSAUnit 1 Day 27: Passing Object To Method Mutates State | Daily Pr | APCSExamPrep.com
unit-1-cycle-2-day-28-string-length-string-concatenation	AP CSAUnit 1 Day 28: String Length String Concatenation | Daily Practi | APCSExamPrep.com
unit-1-cycle-2-day-3-indexofstring-first-occurrence	AP CSAUnit 1 Day 3: Indexofstring First Occurrence | Daily Practice | APCSExamPrep.com
unit-1-cycle-2-day-4-string-vs-equals-with-new-string	AP CSAUnit 1 Day 4: String Vs Equals With New String | Daily Practice | APCSExamPrep.com
unit-1-cycle-2-day-5-method-composition-tracing	AP CSAUnit 1 Day 5: Method Composition Tracing | Daily Practice | APCSExamPrep.com
unit-1-cycle-2-day-6-math-random-range-mapping	AP CSAUnit 1 Day 6: Math Random Range Mapping | Daily Practice | APCSExamPrep.com
unit-1-cycle-2-day-7-object-state-over-time-via-methods	AP CSAUnit 1 Day 7: Object State Over Time Via Methods | Daily Practic | APCSExamPrep.com
unit-1-cycle-2-day-8-substring-with-length-based-indices	AP CSAUnit 1 Day 8: Substring With Length Based Indices | Daily Practi | APCSExamPrep.com
unit-1-cycle-2-day-9-substringlength-3-last-3-chars	AP CSAUnit 1 Day 9: Substringlength 3 Last 3 Chars | Daily Practice | APCSExamPrep.com
unit-2-cycle-2-day-1-boolean-algebra-equivalence	AP CSAUnit 2 Day 1: Boolean Algebra Equivalence | Daily Practice | APCSExamPrep.com
unit-2-cycle-2-day-10-iteration-accumulation	AP CSAUnit 2 Day 10: Iteration Accumulation | Daily Practice | APCSExamPrep.com
unit-2-cycle-2-day-11-iteration-nested-loop-count	AP CSAUnit 2 Day 11: Iteration Nested Loop Count | Daily Practice | APCSExamPrep.com
unit-2-cycle-2-day-12-debugging-loop-condition	AP CSAUnit 2 Day 12: Debugging Loop Condition | Daily Practice | APCSExamPrep.com
unit-2-cycle-2-day-13-iteration-break	AP CSAUnit 2 Day 13: Iteration Break | Daily Practice | APCSExamPrep.com
unit-2-cycle-2-day-14-iteration-selection-filtering	AP CSAUnit 2 Day 14: Iteration Selection Filtering | Daily Practice | APCSExamPrep.com
unit-2-cycle-2-day-15-boolean-algebra-equivalence	AP CSAUnit 2 Day 15: Boolean Algebra Equivalence | Daily Practice | APCSExamPrep.com
unit-2-cycle-2-day-16-selection-if-else-if-boundary	AP CSAUnit 2 Day 16: Selection If Else If Boundary | Daily Practice | APCSExamPrep.com
unit-2-cycle-2-day-17-boolean-precedence-andand-with	AP CSAUnit 2 Day 17: Boolean Precedence Andand With | Daily Practice | APCSExamPrep.com
unit-2-cycle-2-day-18-iteration-for-loop-count	AP CSAUnit 2 Day 18: Iteration For Loop Count | Daily Practice | APCSExamPrep.com
unit-2-cycle-2-day-19-iteration-while-loop-growth	AP CSAUnit 2 Day 19: Iteration While Loop Growth | Daily Practice | APCSExamPrep.com
unit-2-cycle-2-day-2-selection-if-else-if	AP CSAUnit 2 Day 2: Selection If Else If | Daily Practice | APCSExamPrep.com
unit-2-cycle-2-day-20-iteration-accumulation	AP CSAUnit 2 Day 20: Iteration Accumulation | Daily Practice | APCSExamPrep.com
unit-2-cycle-2-day-21-iteration-break	AP CSAUnit 2 Day 21: Iteration Break | Daily Practice | APCSExamPrep.com
unit-2-cycle-2-day-22-iteration-continue	AP CSAUnit 2 Day 22: Iteration Continue | Daily Practice | APCSExamPrep.com
unit-2-cycle-2-day-23-iteration-while-loop-tracing	AP CSAUnit 2 Day 23: Iteration While Loop Tracing | Daily Practice | APCSExamPrep.com
unit-2-cycle-2-day-24-iteration-nested-loop-count	AP CSAUnit 2 Day 24: Iteration Nested Loop Count | Daily Practice | APCSExamPrep.com
unit-2-cycle-2-day-25-iteration-selection-nested-condition	AP CSAUnit 2 Day 25: Iteration Selection Nested Condition | Daily Prac | APCSExamPrep.com
unit-2-cycle-2-day-26-iteration-break-in-nested-loops	AP CSAUnit 2 Day 26: Iteration Break In Nested Loops | Daily Practice | APCSExamPrep.com
unit-2-cycle-2-day-27-iteration-selection-nested-filtering	AP CSAUnit 2 Day 27: Iteration Selection Nested Filtering | Daily Prac | APCSExamPrep.com
unit-2-cycle-2-day-28-iteration-nested-loop-accumulation	AP CSAUnit 2 Day 28: Iteration Nested Loop Accumulation | Daily Practi | APCSExamPrep.com
unit-2-cycle-2-day-3-short-circuit-logic	AP CSAUnit 2 Day 3: Short Circuit Logic | Daily Practice | APCSExamPrep.com
unit-2-cycle-2-day-4-selection-nested-if-else	AP CSAUnit 2 Day 4: Selection Nested If Else | Daily Practice | APCSExamPrep.com
unit-2-cycle-2-day-5-boolean-precedence-andand-before	AP CSAUnit 2 Day 5: Boolean Precedence Andand Before | Daily Practice | APCSExamPrep.com
unit-2-cycle-2-day-6-selection-range-check	AP CSAUnit 2 Day 6: Selection Range Check | Daily Practice | APCSExamPrep.com
unit-2-cycle-2-day-7-selection-two-separate-if-statements	AP CSAUnit 2 Day 7: Selection Two Separate If Statements | Daily Pract | APCSExamPrep.com
unit-2-cycle-2-day-8-iteration-for-loop-count	AP CSAUnit 2 Day 8: Iteration For Loop Count | Daily Practice | APCSExamPrep.com
unit-2-cycle-2-day-9-iteration-while-loop-tracing	AP CSAUnit 2 Day 9: Iteration While Loop Tracing | Daily Practice | APCSExamPrep.com
unit-2-day-16-algorithm-analysis	Unit 2 Day 16 Algorithm Analysis | APCSExamPrep.com
unit-2-day-17-string-algorithms	Unit 2 Day 17 String Algorithms | APCSExamPrep.com
unit-3-cycle-2-day-1-constructor-overloading	AP CSAUnit 3 Day 1: Constructor Overloading | Daily Practice | APCSExamPrep.com
unit-3-cycle-2-day-10-method-overriding-rules	AP CSAUnit 3 Day 10: Method Overriding Rules | Daily Practice | APCSExamPrep.com
unit-3-cycle-2-day-11-mutator-method	AP CSAUnit 3 Day 11: Mutator Method | Daily Practice | APCSExamPrep.com
unit-3-cycle-2-day-12-object-equality	AP CSAUnit 3 Day 12: Object Equality | Daily Practice | APCSExamPrep.com
unit-3-cycle-2-day-13-super-keyword	AP CSAUnit 3 Day 13: Super Keyword | Daily Practice | APCSExamPrep.com
unit-3-cycle-2-day-14-constructor-parameter-validation	AP CSAUnit 3 Day 14: Constructor Parameter Validation | Daily Practice | APCSExamPrep.com
unit-3-cycle-2-day-15-polymorphism	AP CSAUnit 3 Day 15: Polymorphism | Daily Practice | APCSExamPrep.com
unit-3-cycle-2-day-16-tostring-override	AP CSAUnit 3 Day 16: Tostring Override | Daily Practice | APCSExamPrep.com
unit-3-cycle-2-day-17-constructor-default-values	AP CSAUnit 3 Day 17: Constructor Default Values | Daily Practice | APCSExamPrep.com
unit-3-cycle-2-day-18-private-vs-public	AP CSAUnit 3 Day 18: Private Vs Public | Daily Practice | APCSExamPrep.com
unit-3-cycle-2-day-19-method-overriding-vs-overloading	AP CSAUnit 3 Day 19: Method Overriding Vs Overloading | Daily Practice | APCSExamPrep.com
unit-3-cycle-2-day-2-instance-vs-static	AP CSAUnit 3 Day 2: Instance Vs Static | Daily Practice | APCSExamPrep.com
unit-3-cycle-2-day-20-inheritance-access	AP CSAUnit 3 Day 20: Inheritance Access | Daily Practice | APCSExamPrep.com
unit-3-cycle-2-day-21-null-reference	AP CSAUnit 3 Day 21: Null Reference | Daily Practice | APCSExamPrep.com
unit-3-cycle-2-day-22-this-in-constructors	AP CSAUnit 3 Day 22: This In Constructors | Daily Practice | APCSExamPrep.com
unit-3-cycle-2-day-23-static-method-calling	AP CSAUnit 3 Day 23: Static Method Calling | Daily Practice | APCSExamPrep.com
unit-3-cycle-2-day-24-constructor-no-return	AP CSAUnit 3 Day 24: Constructor No Return | Daily Practice | APCSExamPrep.com
unit-3-cycle-2-day-25-super-call	AP CSAUnit 3 Day 25: Super Call | Daily Practice | APCSExamPrep.com
unit-3-cycle-2-day-26-object-class	AP CSAUnit 3 Day 26: Object Class | Daily Practice | APCSExamPrep.com
unit-3-cycle-2-day-27-encapsulation-violation	AP CSAUnit 3 Day 27: Encapsulation Violation | Daily Practice | APCSExamPrep.com
unit-3-cycle-2-day-28-polymorphic-array	AP CSAUnit 3 Day 28: Polymorphic Array | Daily Practice | APCSExamPrep.com
unit-3-cycle-2-day-3-accessor-method-side-effects	AP CSAUnit 3 Day 3: Accessor Method Side Effects | Daily Practice | APCSExamPrep.com
unit-3-cycle-2-day-4-method-overriding	AP CSAUnit 3 Day 4: Method Overriding | Daily Practice | APCSExamPrep.com
unit-3-cycle-2-day-5-constructor-chaining	AP CSAUnit 3 Day 5: Constructor Chaining | Daily Practice | APCSExamPrep.com
unit-3-cycle-2-day-6-this-keyword	AP CSAUnit 3 Day 6: This Keyword | Daily Practice | APCSExamPrep.com
unit-3-cycle-2-day-7-scope-and-access	AP CSAUnit 3 Day 7: Scope And Access | Daily Practice | APCSExamPrep.com
unit-3-cycle-2-day-8-static-method-restrictions	AP CSAUnit 3 Day 8: Static Method Restrictions | Daily Practice | APCSExamPrep.com
unit-3-cycle-2-day-9-inheritance-constructor-calls	AP CSAUnit 3 Day 9: Inheritance Constructor Calls | Daily Practice | APCSExamPrep.com
unit-3-day-16-this-keyword	Unit 3 Day 16 This Keyword | APCSExamPrep.com
unit-4-cycle-2-day-1-array-initialization	AP CSAUnit 4 Day 1: Array Initialization | Daily Practice | APCSExamPrep.com
unit-4-cycle-2-day-10-array-algorithm-find-maximum	AP CSAUnit 4 Day 10: Array Algorithm Find Maximum | Daily Practice | APCSExamPrep.com
unit-4-cycle-2-day-11-arraylist-add-with-index	AP CSAUnit 4 Day 11: Arraylist Add With Index | Daily Practice | APCSExamPrep.com
unit-4-cycle-2-day-12-array-out-of-bounds	AP CSAUnit 4 Day 12: Array Out Of Bounds | Daily Practice | APCSExamPrep.com
unit-4-cycle-2-day-13-arraylist-remove-return-value	AP CSAUnit 4 Day 13: Arraylist Remove Return Value | Daily Practice | APCSExamPrep.com
unit-4-cycle-2-day-14-2d-array-diagonal-sum	AP CSAUnit 4 Day 14: 2D Array Diagonal Sum | Daily Practice | APCSExamPrep.com
unit-4-cycle-2-day-15-binary-search-precondition	AP CSAUnit 4 Day 15: Binary Search Precondition | Daily Practice | APCSExamPrep.com
unit-4-cycle-2-day-16-arraylist-set-index-error	AP CSAUnit 4 Day 16: Arraylist Set Index Error | Daily Practice | APCSExamPrep.com
unit-4-cycle-2-day-17-array-reverse	AP CSAUnit 4 Day 17: Array Reverse | Daily Practice | APCSExamPrep.com
unit-4-cycle-2-day-18-arraylist-autoboxing	AP CSAUnit 4 Day 18: Arraylist Autoboxing | Daily Practice | APCSExamPrep.com
unit-4-cycle-2-day-19-2d-array-search	AP CSAUnit 4 Day 19: 2D Array Search | Daily Practice | APCSExamPrep.com
unit-4-cycle-2-day-2-enhanced-for-loop-limitation	AP CSAUnit 4 Day 2: Enhanced For Loop Limitation | Daily Practice | APCSExamPrep.com
unit-4-cycle-2-day-20-arraylist-remove-with-wrapper	AP CSAUnit 4 Day 20: Arraylist Remove With Wrapper | Daily Practice | APCSExamPrep.com
unit-4-cycle-2-day-21-array-copy-pitfall	AP CSAUnit 4 Day 21: Array Copy Pitfall | Daily Practice | APCSExamPrep.com
unit-4-cycle-2-day-22-arraylist-remove-all-even-numbers	AP CSAUnit 4 Day 22: Arraylist Remove All Even Numbers | Daily Practic | APCSExamPrep.com
unit-4-cycle-2-day-23-2d-array-row-sums	AP CSAUnit 4 Day 23: 2D Array Row Sums | Daily Practice | APCSExamPrep.com
unit-4-cycle-2-day-24-arraylist-null-element	AP CSAUnit 4 Day 24: Arraylist Null Element | Daily Practice | APCSExamPrep.com
unit-4-cycle-2-day-25-selection-sort-iteration	AP CSAUnit 4 Day 25: Selection Sort Iteration | Daily Practice | APCSExamPrep.com
unit-4-cycle-2-day-26-arraylist-loop-adding	AP CSAUnit 4 Day 26: Arraylist Loop Adding | Daily Practice | APCSExamPrep.com
unit-4-cycle-2-day-27-2d-array-edge-elements	AP CSAUnit 4 Day 27: 2D Array Edge Elements | Daily Practice | APCSExamPrep.com
unit-4-cycle-2-day-28-arraylist-equality	AP CSAUnit 4 Day 28: Arraylist Equality | Daily Practice | APCSExamPrep.com
unit-4-cycle-2-day-3-arraylist-remove-during-iteration	AP CSAUnit 4 Day 3: Arraylist Remove During Iteration | Daily Practice | APCSExamPrep.com
unit-4-cycle-2-day-4-array-vs-arraylist	AP CSAUnit 4 Day 4: Array Vs Arraylist | Daily Practice | APCSExamPrep.com
unit-4-cycle-2-day-5-2d-array-initialization	AP CSAUnit 4 Day 5: 2D Array Initialization | Daily Practice | APCSExamPrep.com
unit-4-cycle-2-day-6-arraylist-wrapper-types	AP CSAUnit 4 Day 6: Arraylist Wrapper Types | Daily Practice | APCSExamPrep.com
unit-4-cycle-2-day-7-linear-search	AP CSAUnit 4 Day 7: Linear Search | Daily Practice | APCSExamPrep.com
unit-4-cycle-2-day-8-arraylist-get-vs-set	AP CSAUnit 4 Day 8: Arraylist Get Vs Set | Daily Practice | APCSExamPrep.com
unit-4-cycle-2-day-9-2d-array-column-major-traversal	AP CSAUnit 4 Day 9: 2D Array Column Major Traversal | Daily Practice | APCSExamPrep.com
unit-4-day-16-arraylist-algorithms	Unit 4 Day 16 Arraylist Algorithms | APCSExamPrep.com
unit-4-day-17-arraylist-remove-traversal	Unit 4 Day 17 Arraylist Remove Traversal | APCSExamPrep.com
unit-4-day-18-arraylist-object-methods	Unit 4 Day 18 Arraylist Object Methods | APCSExamPrep.com
unit-4-day-19-arraylist-shifting	Unit 4 Day 19 Arraylist Shifting | APCSExamPrep.com
unit-4-day-20-arraylist-vs-array	Unit 4 Day 20 Arraylist vs. Array | APCSExamPrep.com
unit-4-day-21-arraylist-comprehensive	Unit 4 Day 21 Arraylist Comprehensive | APCSExamPrep.com
unit2-cycle2-day-1-boolean-algebra-equivalence	AP CSA Day 1: Boolean Algebra Equivalence | Daily Practice | APCSExamPrep.com
unit2-cycle2-day-10-iteration-accumulation	AP CSA Day 10: Iteration Accumulation | Daily Practice | APCSExamPrep.com
unit2-cycle2-day-11-iteration-nested-loop-count	AP CSA Day 11: Iteration Nested Loop Count | Daily Practice | APCSExamPrep.com
unit2-cycle2-day-12-debugging-loop-condition	AP CSA Day 12: Debugging Loop Condition | Daily Practice | APCSExamPrep.com
unit2-cycle2-day-13-iteration-break	AP CSA Day 13: Iteration Break | Daily Practice | APCSExamPrep.com
unit2-cycle2-day-14-iteration-selection-filtering	AP CSA Day 14: Iteration Selection Filtering | Daily Practice | APCSExamPrep.com
unit2-cycle2-day-15-boolean-algebra-equivalence	AP CSA Day 15: Boolean Algebra Equivalence | Daily Practice | APCSExamPrep.com
unit2-cycle2-day-16-selection-if-else-if-boundary	AP CSA Day 16: Selection If Else If Boundary | Daily Practice | APCSExamPrep.com
unit2-cycle2-day-17-boolean-precedence-andand-with	AP CSA Day 17: Boolean Precedence Andand With | Daily Practice | APCSExamPrep.com
unit2-cycle2-day-18-iteration-for-loop-count	AP CSA Day 18: Iteration For Loop Count | Daily Practice | APCSExamPrep.com
unit2-cycle2-day-19-iteration-while-loop-growth	AP CSA Day 19: Iteration While Loop Growth | Daily Practice | APCSExamPrep.com
unit2-cycle2-day-2-selection-if-else-if	AP CSA Day 2: Selection If Else If | Daily Practice | APCSExamPrep.com
unit2-cycle2-day-20-iteration-accumulation	AP CSA Day 20: Iteration Accumulation | Daily Practice | APCSExamPrep.com
unit2-cycle2-day-21-iteration-break	AP CSA Day 21: Iteration Break | Daily Practice | APCSExamPrep.com
unit2-cycle2-day-22-iteration-continue	AP CSA Day 22: Iteration Continue | Daily Practice | APCSExamPrep.com
unit2-cycle2-day-23-iteration-while-loop-tracing	AP CSA Day 23: Iteration While Loop Tracing | Daily Practice | APCSExamPrep.com
unit2-cycle2-day-24-iteration-nested-loop-count	AP CSA Day 24: Iteration Nested Loop Count | Daily Practice | APCSExamPrep.com
unit2-cycle2-day-25-iteration-selection-nested-condition	AP CSA Day 25: Iteration Selection Nested Condition | Daily Practice | APCSExamPrep.com
unit2-cycle2-day-26-iteration-break-in-nested-loops	AP CSA Day 26: Iteration Break In Nested Loops | Daily Practice | APCSExamPrep.com
unit2-cycle2-day-27-iteration-selection-nested-filtering	AP CSA Day 27: Iteration Selection Nested Filtering | Daily Practice | APCSExamPrep.com
unit2-cycle2-day-28-iteration-nested-loop-accumulation	AP CSA Day 28: Iteration Nested Loop Accumulation | Daily Practice | APCSExamPrep.com
unit2-cycle2-day-3-short-circuit-logic	AP CSA Day 3: Short Circuit Logic | Daily Practice | APCSExamPrep.com
unit2-cycle2-day-4-selection-nested-if-else	AP CSA Day 4: Selection Nested If Else | Daily Practice | APCSExamPrep.com
unit2-cycle2-day-5-boolean-precedence-andand-before	AP CSA Day 5: Boolean Precedence Andand Before | Daily Practice | APCSExamPrep.com
unit2-cycle2-day-6-selection-range-check	AP CSA Day 6: Selection Range Check | Daily Practice | APCSExamPrep.com
unit2-cycle2-day-7-selection-two-separate-if-statements	AP CSA Day 7: Selection Two Separate If Statements | Daily Practice | APCSExamPrep.com
unit2-cycle2-day-8-iteration-for-loop-count	AP CSA Day 8: Iteration For Loop Count | Daily Practice | APCSExamPrep.com
unit2-cycle2-day-9-iteration-while-loop-tracing	AP CSA Day 9: Iteration While Loop Tracing | Daily Practice | APCSExamPrep.com
unit3-cycle2-day-1-constructor-overloading	AP CSA Day 1: Constructor Overloading | Daily Practice | APCSExamPrep.com
unit3-cycle2-day-10-method-overriding-rules	AP CSA Day 10: Method Overriding Rules | Daily Practice | APCSExamPrep.com
unit3-cycle2-day-11-mutator-method	AP CSA Day 11: Mutator Method | Daily Practice | APCSExamPrep.com
unit3-cycle2-day-12-object-equality	AP CSA Day 12: Object Equality | Daily Practice | APCSExamPrep.com
unit3-cycle2-day-13-super-keyword	AP CSA Day 13: Super Keyword | Daily Practice | APCSExamPrep.com
unit3-cycle2-day-14-constructor-parameter-validation	AP CSA Day 14: Constructor Parameter Validation | Daily Practice | APCSExamPrep.com
unit3-cycle2-day-15-polymorphism	AP CSA Day 15: Polymorphism | Daily Practice | APCSExamPrep.com
unit3-cycle2-day-16-tostring-override	AP CSA Day 16: Tostring Override | Daily Practice | APCSExamPrep.com
unit3-cycle2-day-17-constructor-default-values	AP CSA Day 17: Constructor Default Values | Daily Practice | APCSExamPrep.com
unit3-cycle2-day-18-private-vs-public	AP CSA Day 18: Private Vs Public | Daily Practice | APCSExamPrep.com
unit3-cycle2-day-19-method-overriding-vs-overloading	AP CSA Day 19: Method Overriding Vs Overloading | Daily Practice | APCSExamPrep.com
unit3-cycle2-day-2-instance-vs-static	AP CSA Day 2: Instance Vs Static | Daily Practice | APCSExamPrep.com
unit3-cycle2-day-20-inheritance-access	AP CSA Day 20: Inheritance Access | Daily Practice | APCSExamPrep.com
unit3-cycle2-day-21-null-reference	AP CSA Day 21: Null Reference | Daily Practice | APCSExamPrep.com
unit3-cycle2-day-22-this-in-constructors	AP CSA Day 22: This In Constructors | Daily Practice | APCSExamPrep.com
unit3-cycle2-day-23-static-method-calling	AP CSA Day 23: Static Method Calling | Daily Practice | APCSExamPrep.com
unit3-cycle2-day-24-constructor-no-return	AP CSA Day 24: Constructor No Return | Daily Practice | APCSExamPrep.com
unit3-cycle2-day-25-super-call	AP CSA Day 25: Super Call | Daily Practice | APCSExamPrep.com
unit3-cycle2-day-26-object-class	AP CSA Day 26: Object Class | Daily Practice | APCSExamPrep.com
unit3-cycle2-day-27-encapsulation-violation	AP CSA Day 27: Encapsulation Violation | Daily Practice | APCSExamPrep.com
unit3-cycle2-day-28-polymorphic-array	AP CSA Day 28: Polymorphic Array | Daily Practice | APCSExamPrep.com
unit3-cycle2-day-3-accessor-method-side-effects	AP CSA Day 3: Accessor Method Side Effects | Daily Practice | APCSExamPrep.com
unit3-cycle2-day-4-method-overriding	AP CSA Day 4: Method Overriding | Daily Practice | APCSExamPrep.com
unit3-cycle2-day-5-constructor-chaining	AP CSA Day 5: Constructor Chaining | Daily Practice | APCSExamPrep.com
unit3-cycle2-day-6-this-keyword	AP CSA Day 6: This Keyword | Daily Practice | APCSExamPrep.com
unit3-cycle2-day-7-scope-and-access	AP CSA Day 7: Scope And Access | Daily Practice | APCSExamPrep.com
unit3-cycle2-day-8-static-method-restrictions	AP CSA Day 8: Static Method Restrictions | Daily Practice | APCSExamPrep.com
unit3-cycle2-day-9-inheritance-constructor-calls	AP CSA Day 9: Inheritance Constructor Calls | Daily Practice | APCSExamPrep.com
unit4-cycle2-day-1-array-initialization	AP CSA Day 1: Array Initialization | Daily Practice | APCSExamPrep.com
unit4-cycle2-day-10-array-algorithm-find-maximum	AP CSA Day 10: Array Algorithm Find Maximum | Daily Practice | APCSExamPrep.com
unit4-cycle2-day-11-arraylist-add-with-index	AP CSA Day 11: Arraylist Add With Index | Daily Practice | APCSExamPrep.com
unit4-cycle2-day-12-array-out-of-bounds	AP CSA Day 12: Array Out Of Bounds | Daily Practice | APCSExamPrep.com
unit4-cycle2-day-13-arraylist-remove-return-value	AP CSA Day 13: Arraylist Remove Return Value | Daily Practice | APCSExamPrep.com
unit4-cycle2-day-14-2d-array-diagonal-sum	AP CSA Day 14: 2D Array Diagonal Sum | Daily Practice | APCSExamPrep.com
unit4-cycle2-day-15-binary-search-precondition	AP CSA Day 15: Binary Search Precondition | Daily Practice | APCSExamPrep.com
unit4-cycle2-day-16-arraylist-set-index-error	AP CSA Day 16: Arraylist Set Index Error | Daily Practice | APCSExamPrep.com
unit4-cycle2-day-17-array-reverse	AP CSA Day 17: Array Reverse | Daily Practice | APCSExamPrep.com
unit4-cycle2-day-18-arraylist-autoboxing	AP CSA Day 18: Arraylist Autoboxing | Daily Practice | APCSExamPrep.com
unit4-cycle2-day-19-2d-array-search	AP CSA Day 19: 2D Array Search | Daily Practice | APCSExamPrep.com
unit4-cycle2-day-2-enhanced-for-loop-limitation	AP CSA Day 2: Enhanced For Loop Limitation | Daily Practice | APCSExamPrep.com
unit4-cycle2-day-20-arraylist-remove-with-wrapper	AP CSA Day 20: Arraylist Remove With Wrapper | Daily Practice | APCSExamPrep.com
unit4-cycle2-day-21-array-copy-pitfall	AP CSA Day 21: Array Copy Pitfall | Daily Practice | APCSExamPrep.com
unit4-cycle2-day-22-arraylist-remove-all-even-numbers	AP CSA Day 22: Arraylist Remove All Even Numbers | Daily Practice | APCSExamPrep.com
unit4-cycle2-day-23-2d-array-row-sums	AP CSA Day 23: 2D Array Row Sums | Daily Practice | APCSExamPrep.com
unit4-cycle2-day-24-arraylist-null-element	AP CSA Day 24: Arraylist Null Element | Daily Practice | APCSExamPrep.com
unit4-cycle2-day-25-selection-sort-iteration	AP CSA Day 25: Selection Sort Iteration | Daily Practice | APCSExamPrep.com
unit4-cycle2-day-26-arraylist-loop-adding	AP CSA Day 26: Arraylist Loop Adding | Daily Practice | APCSExamPrep.com
unit4-cycle2-day-27-2d-array-edge-elements	AP CSA Day 27: 2D Array Edge Elements | Daily Practice | APCSExamPrep.com
unit4-cycle2-day-28-arraylist-equality	AP CSA Day 28: Arraylist Equality | Daily Practice | APCSExamPrep.com
unit4-cycle2-day-3-arraylist-remove-during-iteration	AP CSA Day 3: Arraylist Remove During Iteration | Daily Practice | APCSExamPrep.com
unit4-cycle2-day-4-array-vs-arraylist	AP CSA Day 4: Array Vs Arraylist | Daily Practice | APCSExamPrep.com
unit4-cycle2-day-5-2d-array-initialization	AP CSA Day 5: 2D Array Initialization | Daily Practice | APCSExamPrep.com
unit4-cycle2-day-6-arraylist-wrapper-types	AP CSA Day 6: Arraylist Wrapper Types | Daily Practice | APCSExamPrep.com
unit4-cycle2-day-7-linear-search	AP CSA Day 7: Linear Search | Daily Practice | APCSExamPrep.com
unit4-cycle2-day-8-arraylist-get-vs-set	AP CSA Day 8: Arraylist Get Vs Set | Daily Practice | APCSExamPrep.com
unit4-cycle2-day-9-2d-array-column-major-traversal	AP CSA Day 9: 2D Array Column Major Traversal | Daily Practice | APCSExamPrep.com
